2024-05-08 04:32:31,188:WARNING:
'cuml' is a soft dependency and not included in the pycaret installation. Please run: `pip install cuml` to install.
2024-05-08 04:32:31,188:WARNING:
'cuml' is a soft dependency and not included in the pycaret installation. Please run: `pip install cuml` to install.
2024-05-08 04:32:31,189:WARNING:
'cuml' is a soft dependency and not included in the pycaret installation. Please run: `pip install cuml` to install.
2024-05-08 04:32:31,189:WARNING:
'cuml' is a soft dependency and not included in the pycaret installation. Please run: `pip install cuml` to install.
2024-05-08 04:34:05,732:WARNING:
'cuml' is a soft dependency and not included in the pycaret installation. Please run: `pip install cuml` to install.
2024-05-08 04:34:05,733:WARNING:
'cuml' is a soft dependency and not included in the pycaret installation. Please run: `pip install cuml` to install.
2024-05-08 04:34:05,733:WARNING:
'cuml' is a soft dependency and not included in the pycaret installation. Please run: `pip install cuml` to install.
2024-05-08 04:34:05,733:WARNING:
'cuml' is a soft dependency and not included in the pycaret installation. Please run: `pip install cuml` to install.
2024-05-08 04:34:48,892:WARNING:
'cuml' is a soft dependency and not included in the pycaret installation. Please run: `pip install cuml` to install.
2024-05-08 04:34:48,892:WARNING:
'cuml' is a soft dependency and not included in the pycaret installation. Please run: `pip install cuml` to install.
2024-05-08 04:34:48,892:WARNING:
'cuml' is a soft dependency and not included in the pycaret installation. Please run: `pip install cuml` to install.
2024-05-08 04:34:48,892:WARNING:
'cuml' is a soft dependency and not included in the pycaret installation. Please run: `pip install cuml` to install.
2024-05-08 04:34:50,794:INFO:PyCaret ClassificationExperiment
2024-05-08 04:34:50,794:INFO:Logging name: clf-default-name
2024-05-08 04:34:50,794:INFO:ML Usecase: MLUsecase.CLASSIFICATION
2024-05-08 04:34:50,794:INFO:version 3.3.2
2024-05-08 04:34:50,794:INFO:Initializing setup()
2024-05-08 04:34:50,794:INFO:self.USI: a871
2024-05-08 04:34:50,794:INFO:self._variable_keys: {'log_plots_param', 'gpu_n_jobs_param', 'memory', 'is_multiclass', 'X_train', 'fold_shuffle_param', 'seed', 'html_param', 'exp_id', 'pipeline', 'exp_name_log', 'y_train', 'X_test', 'target_param', 'logging_param', 'y', 'fold_generator', 'fix_imbalance', 'y_test', 'idx', 'X', 'gpu_param', 'data', 'n_jobs_param', 'fold_groups_param', '_available_plots', 'USI', '_ml_usecase'}
2024-05-08 04:34:50,794:INFO:Checking environment
2024-05-08 04:34:50,794:INFO:python_version: 3.9.13
2024-05-08 04:34:50,794:INFO:python_build: ('tags/v3.9.13:6de2ca5', 'May 17 2022 16:36:42')
2024-05-08 04:34:50,794:INFO:machine: AMD64
2024-05-08 04:34:50,809:INFO:platform: Windows-10-10.0.22631-SP0
2024-05-08 04:34:50,809:INFO:Memory: svmem(total=68580765696, available=57349345280, percent=16.4, used=11231420416, free=57349345280)
2024-05-08 04:34:50,809:INFO:Physical Core: 8
2024-05-08 04:34:50,809:INFO:Logical Core: 16
2024-05-08 04:34:50,809:INFO:Checking libraries
2024-05-08 04:34:50,809:INFO:System:
2024-05-08 04:34:50,809:INFO:    python: 3.9.13 (tags/v3.9.13:6de2ca5, May 17 2022, 16:36:42) [MSC v.1929 64 bit (AMD64)]
2024-05-08 04:34:50,809:INFO:executable: D:\Proyectos\Pruebas técnicas\Banco de Bogotá\venv\Scripts\python.exe
2024-05-08 04:34:50,809:INFO:   machine: Windows-10-10.0.22631-SP0
2024-05-08 04:34:50,809:INFO:PyCaret required dependencies:
2024-05-08 04:34:51,483:INFO:                 pip: 24.0
2024-05-08 04:34:51,483:INFO:          setuptools: 58.1.0
2024-05-08 04:34:51,483:INFO:             pycaret: 3.3.2
2024-05-08 04:34:51,483:INFO:             IPython: 8.18.1
2024-05-08 04:34:51,483:INFO:          ipywidgets: 8.1.2
2024-05-08 04:34:51,483:INFO:                tqdm: 4.66.2
2024-05-08 04:34:51,483:INFO:               numpy: 1.26.4
2024-05-08 04:34:51,483:INFO:              pandas: 2.1.4
2024-05-08 04:34:51,483:INFO:              jinja2: 3.1.3
2024-05-08 04:34:51,483:INFO:               scipy: 1.11.4
2024-05-08 04:34:51,483:INFO:              joblib: 1.3.2
2024-05-08 04:34:51,483:INFO:             sklearn: 1.4.2
2024-05-08 04:34:51,483:INFO:                pyod: 1.1.3
2024-05-08 04:34:51,483:INFO:            imblearn: 0.12.2
2024-05-08 04:34:51,483:INFO:   category_encoders: 2.6.3
2024-05-08 04:34:51,483:INFO:            lightgbm: 4.3.0
2024-05-08 04:34:51,483:INFO:               numba: 0.59.1
2024-05-08 04:34:51,483:INFO:            requests: 2.31.0
2024-05-08 04:34:51,483:INFO:          matplotlib: 3.6.0
2024-05-08 04:34:51,483:INFO:          scikitplot: 0.3.7
2024-05-08 04:34:51,483:INFO:         yellowbrick: 1.5
2024-05-08 04:34:51,483:INFO:              plotly: 5.22.0
2024-05-08 04:34:51,483:INFO:    plotly-resampler: Not installed
2024-05-08 04:34:51,483:INFO:             kaleido: 0.2.1
2024-05-08 04:34:51,483:INFO:           schemdraw: 0.15
2024-05-08 04:34:51,483:INFO:         statsmodels: 0.14.2
2024-05-08 04:34:51,483:INFO:              sktime: 0.26.0
2024-05-08 04:34:51,483:INFO:               tbats: 1.1.3
2024-05-08 04:34:51,483:INFO:            pmdarima: 2.0.4
2024-05-08 04:34:51,483:INFO:              psutil: 5.9.8
2024-05-08 04:34:51,483:INFO:          markupsafe: 2.1.5
2024-05-08 04:34:51,483:INFO:             pickle5: Not installed
2024-05-08 04:34:51,483:INFO:         cloudpickle: 3.0.0
2024-05-08 04:34:51,483:INFO:         deprecation: 2.1.0
2024-05-08 04:34:51,483:INFO:              xxhash: 3.4.1
2024-05-08 04:34:51,483:INFO:           wurlitzer: Not installed
2024-05-08 04:34:51,483:INFO:PyCaret optional dependencies:
2024-05-08 04:34:51,985:INFO:                shap: 0.44.1
2024-05-08 04:34:51,985:INFO:           interpret: 0.6.1
2024-05-08 04:34:51,985:INFO:                umap: 0.5.6
2024-05-08 04:34:51,985:INFO:     ydata_profiling: 4.7.0
2024-05-08 04:34:51,985:INFO:  explainerdashboard: 0.4.7
2024-05-08 04:34:51,985:INFO:             autoviz: Not installed
2024-05-08 04:34:51,985:INFO:           fairlearn: 0.7.0
2024-05-08 04:34:51,985:INFO:          deepchecks: Not installed
2024-05-08 04:34:51,985:INFO:             xgboost: 2.0.3
2024-05-08 04:34:51,985:INFO:            catboost: 1.2.5
2024-05-08 04:34:51,985:INFO:              kmodes: 0.12.2
2024-05-08 04:34:51,985:INFO:             mlxtend: 0.23.1
2024-05-08 04:34:51,985:INFO:       statsforecast: 1.5.0
2024-05-08 04:34:51,985:INFO:        tune_sklearn: Not installed
2024-05-08 04:34:51,985:INFO:                 ray: Not installed
2024-05-08 04:34:51,985:INFO:            hyperopt: 0.2.7
2024-05-08 04:34:51,985:INFO:              optuna: 3.6.1
2024-05-08 04:34:51,985:INFO:               skopt: 0.10.1
2024-05-08 04:34:51,985:INFO:              mlflow: 2.12.1
2024-05-08 04:34:51,985:INFO:              gradio: Not installed
2024-05-08 04:34:51,985:INFO:             fastapi: Not installed
2024-05-08 04:34:51,985:INFO:             uvicorn: 0.29.0
2024-05-08 04:34:51,985:INFO:              m2cgen: 0.10.0
2024-05-08 04:34:51,985:INFO:           evidently: 0.4.19
2024-05-08 04:34:51,985:INFO:               fugue: 0.8.7
2024-05-08 04:34:51,985:INFO:           streamlit: Not installed
2024-05-08 04:34:51,985:INFO:             prophet: Not installed
2024-05-08 04:34:51,985:INFO:None
2024-05-08 04:34:51,985:INFO:Set up data.
2024-05-08 04:34:52,001:INFO:Set up folding strategy.
2024-05-08 04:34:52,001:INFO:Set up train/test split.
2024-05-08 04:34:52,001:INFO:Set up index.
2024-05-08 04:34:52,001:INFO:Assigning column types.
2024-05-08 04:34:52,001:INFO:Engine successfully changes for model 'lr' to 'sklearn'.
2024-05-08 04:34:52,048:INFO:Engine for model 'knn' has not been set explicitly, hence returning None.
2024-05-08 04:34:52,048:INFO:Engine for model 'rbfsvm' has not been set explicitly, hence returning None.
2024-05-08 04:34:52,064:INFO:Soft dependency imported: xgboost: 2.0.3
2024-05-08 04:34:52,079:INFO:Soft dependency imported: catboost: 1.2.5
2024-05-08 04:34:52,133:INFO:Engine for model 'knn' has not been set explicitly, hence returning None.
2024-05-08 04:34:52,134:INFO:Engine for model 'rbfsvm' has not been set explicitly, hence returning None.
2024-05-08 04:34:52,145:INFO:Soft dependency imported: xgboost: 2.0.3
2024-05-08 04:34:52,161:INFO:Soft dependency imported: catboost: 1.2.5
2024-05-08 04:34:52,161:INFO:Engine successfully changes for model 'knn' to 'sklearn'.
2024-05-08 04:34:52,192:INFO:Engine for model 'rbfsvm' has not been set explicitly, hence returning None.
2024-05-08 04:34:52,224:INFO:Soft dependency imported: xgboost: 2.0.3
2024-05-08 04:34:52,224:INFO:Soft dependency imported: catboost: 1.2.5
2024-05-08 04:34:52,255:INFO:Engine for model 'rbfsvm' has not been set explicitly, hence returning None.
2024-05-08 04:34:52,286:INFO:Soft dependency imported: xgboost: 2.0.3
2024-05-08 04:34:52,286:INFO:Soft dependency imported: catboost: 1.2.5
2024-05-08 04:34:52,286:INFO:Engine successfully changes for model 'rbfsvm' to 'sklearn'.
2024-05-08 04:34:52,344:INFO:Soft dependency imported: xgboost: 2.0.3
2024-05-08 04:34:52,344:INFO:Soft dependency imported: catboost: 1.2.5
2024-05-08 04:34:52,407:INFO:Soft dependency imported: xgboost: 2.0.3
2024-05-08 04:34:52,407:INFO:Soft dependency imported: catboost: 1.2.5
2024-05-08 04:34:52,407:INFO:Preparing preprocessing pipeline...
2024-05-08 04:34:52,407:INFO:Set up simple imputation.
2024-05-08 04:34:52,440:INFO:Finished creating preprocessing pipeline.
2024-05-08 04:34:52,444:INFO:Pipeline: Pipeline(memory=FastMemory(location=C:\Users\almontao\AppData\Local\Temp\joblib),
         steps=[('numerical_imputer',
                 TransformerWrapper(exclude=None,
                                    include=['Tipo_Trabajo_ENC',
                                             'Estado_Civil_ENC', 'mora',
                                             'Vivienda', 'Consumo',
                                             'Contacto_ENC', 'Dias_Ultima_Camp',
                                             'No_Contactos', 'emp_var_rate',
                                             'cons_price_idx', 'cons_conf_idx',
                                             'euribor3m'],
                                    transformer=SimpleImputer(add_indicator=False,
                                                              copy=True,
                                                              fill_value=None,
                                                              keep_empty_features=False,
                                                              missing_values=nan,
                                                              strategy='mean'))),
                ('categorical_imputer',
                 TransformerWrapper(exclude=None, include=[],
                                    transformer=SimpleImputer(add_indicator=False,
                                                              copy=True,
                                                              fill_value=None,
                                                              keep_empty_features=False,
                                                              missing_values=nan,
                                                              strategy='most_frequent')))],
         verbose=False)
2024-05-08 04:34:52,444:INFO:Creating final display dataframe.
2024-05-08 04:34:52,509:INFO:Setup _display_container:                     Description             Value
0                    Session id              1352
1                        Target                 y
2                   Target type            Binary
3           Original data shape       (18479, 13)
4        Transformed data shape       (18479, 13)
5   Transformed train set shape       (12935, 13)
6    Transformed test set shape        (5544, 13)
7              Numeric features                12
8                    Preprocess              True
9               Imputation type            simple
10           Numeric imputation              mean
11       Categorical imputation              mode
12               Fold Generator   StratifiedKFold
13                  Fold Number                10
14                     CPU Jobs                -1
15                      Use GPU             False
16               Log Experiment             False
17              Experiment Name  clf-default-name
18                          USI              a871
2024-05-08 04:34:52,563:INFO:Soft dependency imported: xgboost: 2.0.3
2024-05-08 04:34:52,563:INFO:Soft dependency imported: catboost: 1.2.5
2024-05-08 04:34:52,636:INFO:Soft dependency imported: xgboost: 2.0.3
2024-05-08 04:34:52,638:INFO:Soft dependency imported: catboost: 1.2.5
2024-05-08 04:34:52,640:INFO:setup() successfully completed in 1.85s...............
2024-05-08 04:34:52,640:INFO:Initializing compare_models()
2024-05-08 04:34:52,640:INFO:compare_models(self=<pycaret.classification.oop.ClassificationExperiment object at 0x000001FED2E3CFA0>, include=None, fold=None, round=4, cross_validation=True, sort=Accuracy, n_select=1, budget_time=None, turbo=True, errors=ignore, fit_kwargs=None, groups=None, experiment_custom_tags=None, probability_threshold=None, verbose=True, parallel=None, caller_params={'self': <pycaret.classification.oop.ClassificationExperiment object at 0x000001FED2E3CFA0>, 'include': None, 'exclude': None, 'fold': None, 'round': 4, 'cross_validation': True, 'sort': 'Accuracy', 'n_select': 1, 'budget_time': None, 'turbo': True, 'errors': 'ignore', 'fit_kwargs': None, 'groups': None, 'experiment_custom_tags': None, 'probability_threshold': None, 'engine': None, 'verbose': True, 'parallel': None, '__class__': <class 'pycaret.classification.oop.ClassificationExperiment'>}, exclude=None)
2024-05-08 04:34:52,640:INFO:Checking exceptions
2024-05-08 04:34:52,646:INFO:Preparing display monitor
2024-05-08 04:34:52,646:INFO:Initializing Logistic Regression
2024-05-08 04:34:52,646:INFO:Total runtime is 0.0 minutes
2024-05-08 04:34:52,646:INFO:SubProcess create_model() called ==================================
2024-05-08 04:34:52,646:INFO:Initializing create_model()
2024-05-08 04:34:52,646:INFO:create_model(self=<pycaret.classification.oop.ClassificationExperiment object at 0x000001FED2E3CFA0>, estimator=lr, fold=StratifiedKFold(n_splits=10, random_state=None, shuffle=False), round=4, cross_validation=True, predict=True, fit_kwargs={}, groups=None, refit=False, probability_threshold=None, experiment_custom_tags=None, verbose=False, system=False, add_to_model_list=True, metrics=None, display=<pycaret.internal.display.display.CommonDisplay object at 0x000001FED7A68BE0>, model_only=True, return_train_score=False, error_score=0.0, kwargs={})
2024-05-08 04:34:52,646:INFO:Checking exceptions
2024-05-08 04:34:52,646:INFO:Importing libraries
2024-05-08 04:34:52,646:INFO:Copying training dataset
2024-05-08 04:34:52,646:INFO:Defining folds
2024-05-08 04:34:52,646:INFO:Declaring metric variables
2024-05-08 04:34:52,646:INFO:Importing untrained model
2024-05-08 04:34:52,646:INFO:Logistic Regression Imported successfully
2024-05-08 04:34:52,646:INFO:Starting cross validation
2024-05-08 04:34:52,646:INFO:Cross validating with StratifiedKFold(n_splits=10, random_state=None, shuffle=False), n_jobs=-1
2024-05-08 04:34:57,181:WARNING:D:\Proyectos\Pruebas técnicas\Banco de Bogotá\venv\lib\site-packages\sklearn\linear_model\_logistic.py:469: ConvergenceWarning: lbfgs failed to converge (status=1):
STOP: TOTAL NO. of ITERATIONS REACHED LIMIT.

Increase the number of iterations (max_iter) or scale the data as shown in:
    https://scikit-learn.org/stable/modules/preprocessing.html
Please also refer to the documentation for alternative solver options:
    https://scikit-learn.org/stable/modules/linear_model.html#logistic-regression
  n_iter_i = _check_optimize_result(

2024-05-08 04:34:57,197:WARNING:D:\Proyectos\Pruebas técnicas\Banco de Bogotá\venv\lib\site-packages\sklearn\linear_model\_logistic.py:469: ConvergenceWarning: lbfgs failed to converge (status=1):
STOP: TOTAL NO. of ITERATIONS REACHED LIMIT.

Increase the number of iterations (max_iter) or scale the data as shown in:
    https://scikit-learn.org/stable/modules/preprocessing.html
Please also refer to the documentation for alternative solver options:
    https://scikit-learn.org/stable/modules/linear_model.html#logistic-regression
  n_iter_i = _check_optimize_result(

2024-05-08 04:34:57,213:WARNING:D:\Proyectos\Pruebas técnicas\Banco de Bogotá\venv\lib\site-packages\sklearn\linear_model\_logistic.py:469: ConvergenceWarning: lbfgs failed to converge (status=1):
STOP: TOTAL NO. of ITERATIONS REACHED LIMIT.

Increase the number of iterations (max_iter) or scale the data as shown in:
    https://scikit-learn.org/stable/modules/preprocessing.html
Please also refer to the documentation for alternative solver options:
    https://scikit-learn.org/stable/modules/linear_model.html#logistic-regression
  n_iter_i = _check_optimize_result(

2024-05-08 04:34:57,244:WARNING:D:\Proyectos\Pruebas técnicas\Banco de Bogotá\venv\lib\site-packages\sklearn\linear_model\_logistic.py:469: ConvergenceWarning: lbfgs failed to converge (status=1):
STOP: TOTAL NO. of ITERATIONS REACHED LIMIT.

Increase the number of iterations (max_iter) or scale the data as shown in:
    https://scikit-learn.org/stable/modules/preprocessing.html
Please also refer to the documentation for alternative solver options:
    https://scikit-learn.org/stable/modules/linear_model.html#logistic-regression
  n_iter_i = _check_optimize_result(

2024-05-08 04:34:57,244:WARNING:D:\Proyectos\Pruebas técnicas\Banco de Bogotá\venv\lib\site-packages\sklearn\linear_model\_logistic.py:469: ConvergenceWarning: lbfgs failed to converge (status=1):
STOP: TOTAL NO. of ITERATIONS REACHED LIMIT.

Increase the number of iterations (max_iter) or scale the data as shown in:
    https://scikit-learn.org/stable/modules/preprocessing.html
Please also refer to the documentation for alternative solver options:
    https://scikit-learn.org/stable/modules/linear_model.html#logistic-regression
  n_iter_i = _check_optimize_result(

2024-05-08 04:34:57,260:WARNING:D:\Proyectos\Pruebas técnicas\Banco de Bogotá\venv\lib\site-packages\sklearn\linear_model\_logistic.py:469: ConvergenceWarning: lbfgs failed to converge (status=1):
STOP: TOTAL NO. of ITERATIONS REACHED LIMIT.

Increase the number of iterations (max_iter) or scale the data as shown in:
    https://scikit-learn.org/stable/modules/preprocessing.html
Please also refer to the documentation for alternative solver options:
    https://scikit-learn.org/stable/modules/linear_model.html#logistic-regression
  n_iter_i = _check_optimize_result(

2024-05-08 04:34:57,275:WARNING:D:\Proyectos\Pruebas técnicas\Banco de Bogotá\venv\lib\site-packages\sklearn\linear_model\_logistic.py:469: ConvergenceWarning: lbfgs failed to converge (status=1):
STOP: TOTAL NO. of ITERATIONS REACHED LIMIT.

Increase the number of iterations (max_iter) or scale the data as shown in:
    https://scikit-learn.org/stable/modules/preprocessing.html
Please also refer to the documentation for alternative solver options:
    https://scikit-learn.org/stable/modules/linear_model.html#logistic-regression
  n_iter_i = _check_optimize_result(

2024-05-08 04:34:57,291:WARNING:D:\Proyectos\Pruebas técnicas\Banco de Bogotá\venv\lib\site-packages\sklearn\linear_model\_logistic.py:469: ConvergenceWarning: lbfgs failed to converge (status=1):
STOP: TOTAL NO. of ITERATIONS REACHED LIMIT.

Increase the number of iterations (max_iter) or scale the data as shown in:
    https://scikit-learn.org/stable/modules/preprocessing.html
Please also refer to the documentation for alternative solver options:
    https://scikit-learn.org/stable/modules/linear_model.html#logistic-regression
  n_iter_i = _check_optimize_result(

2024-05-08 04:34:57,338:INFO:Calculating mean and std
2024-05-08 04:34:57,338:INFO:Creating metrics dataframe
2024-05-08 04:34:57,338:INFO:Uploading results into container
2024-05-08 04:34:57,338:INFO:Uploading model into container now
2024-05-08 04:34:57,338:INFO:_master_model_container: 1
2024-05-08 04:34:57,338:INFO:_display_container: 2
2024-05-08 04:34:57,338:INFO:LogisticRegression(C=1.0, class_weight=None, dual=False, fit_intercept=True,
                   intercept_scaling=1, l1_ratio=None, max_iter=1000,
                   multi_class='auto', n_jobs=None, penalty='l2',
                   random_state=1352, solver='lbfgs', tol=0.0001, verbose=0,
                   warm_start=False)
2024-05-08 04:34:57,338:INFO:create_model() successfully completed......................................
2024-05-08 04:34:57,417:INFO:SubProcess create_model() end ==================================
2024-05-08 04:34:57,417:INFO:Creating metrics dataframe
2024-05-08 04:34:57,419:INFO:Initializing K Neighbors Classifier
2024-05-08 04:34:57,419:INFO:Total runtime is 0.07955554723739625 minutes
2024-05-08 04:34:57,420:INFO:SubProcess create_model() called ==================================
2024-05-08 04:34:57,420:INFO:Initializing create_model()
2024-05-08 04:34:57,420:INFO:create_model(self=<pycaret.classification.oop.ClassificationExperiment object at 0x000001FED2E3CFA0>, estimator=knn, fold=StratifiedKFold(n_splits=10, random_state=None, shuffle=False), round=4, cross_validation=True, predict=True, fit_kwargs={}, groups=None, refit=False, probability_threshold=None, experiment_custom_tags=None, verbose=False, system=False, add_to_model_list=True, metrics=None, display=<pycaret.internal.display.display.CommonDisplay object at 0x000001FED7A68BE0>, model_only=True, return_train_score=False, error_score=0.0, kwargs={})
2024-05-08 04:34:57,420:INFO:Checking exceptions
2024-05-08 04:34:57,420:INFO:Importing libraries
2024-05-08 04:34:57,420:INFO:Copying training dataset
2024-05-08 04:34:57,428:INFO:Defining folds
2024-05-08 04:34:57,428:INFO:Declaring metric variables
2024-05-08 04:34:57,428:INFO:Importing untrained model
2024-05-08 04:34:57,428:INFO:K Neighbors Classifier Imported successfully
2024-05-08 04:34:57,429:INFO:Starting cross validation
2024-05-08 04:34:57,429:INFO:Cross validating with StratifiedKFold(n_splits=10, random_state=None, shuffle=False), n_jobs=-1
2024-05-08 04:35:00,335:INFO:Calculating mean and std
2024-05-08 04:35:00,335:INFO:Creating metrics dataframe
2024-05-08 04:35:00,335:INFO:Uploading results into container
2024-05-08 04:35:00,335:INFO:Uploading model into container now
2024-05-08 04:35:00,335:INFO:_master_model_container: 2
2024-05-08 04:35:00,335:INFO:_display_container: 2
2024-05-08 04:35:00,335:INFO:KNeighborsClassifier(algorithm='auto', leaf_size=30, metric='minkowski',
                     metric_params=None, n_jobs=-1, n_neighbors=5, p=2,
                     weights='uniform')
2024-05-08 04:35:00,335:INFO:create_model() successfully completed......................................
2024-05-08 04:35:00,417:INFO:SubProcess create_model() end ==================================
2024-05-08 04:35:00,417:INFO:Creating metrics dataframe
2024-05-08 04:35:00,419:INFO:Initializing Naive Bayes
2024-05-08 04:35:00,419:INFO:Total runtime is 0.1295500914255778 minutes
2024-05-08 04:35:00,419:INFO:SubProcess create_model() called ==================================
2024-05-08 04:35:00,420:INFO:Initializing create_model()
2024-05-08 04:35:00,420:INFO:create_model(self=<pycaret.classification.oop.ClassificationExperiment object at 0x000001FED2E3CFA0>, estimator=nb, fold=StratifiedKFold(n_splits=10, random_state=None, shuffle=False), round=4, cross_validation=True, predict=True, fit_kwargs={}, groups=None, refit=False, probability_threshold=None, experiment_custom_tags=None, verbose=False, system=False, add_to_model_list=True, metrics=None, display=<pycaret.internal.display.display.CommonDisplay object at 0x000001FED7A68BE0>, model_only=True, return_train_score=False, error_score=0.0, kwargs={})
2024-05-08 04:35:00,420:INFO:Checking exceptions
2024-05-08 04:35:00,420:INFO:Importing libraries
2024-05-08 04:35:00,420:INFO:Copying training dataset
2024-05-08 04:35:00,421:INFO:Defining folds
2024-05-08 04:35:00,421:INFO:Declaring metric variables
2024-05-08 04:35:00,421:INFO:Importing untrained model
2024-05-08 04:35:00,421:INFO:Naive Bayes Imported successfully
2024-05-08 04:35:00,421:INFO:Starting cross validation
2024-05-08 04:35:00,421:INFO:Cross validating with StratifiedKFold(n_splits=10, random_state=None, shuffle=False), n_jobs=-1
2024-05-08 04:35:00,499:INFO:Calculating mean and std
2024-05-08 04:35:00,499:INFO:Creating metrics dataframe
2024-05-08 04:35:00,499:INFO:Uploading results into container
2024-05-08 04:35:00,499:INFO:Uploading model into container now
2024-05-08 04:35:00,499:INFO:_master_model_container: 3
2024-05-08 04:35:00,499:INFO:_display_container: 2
2024-05-08 04:35:00,499:INFO:GaussianNB(priors=None, var_smoothing=1e-09)
2024-05-08 04:35:00,499:INFO:create_model() successfully completed......................................
2024-05-08 04:35:00,584:INFO:SubProcess create_model() end ==================================
2024-05-08 04:35:00,584:INFO:Creating metrics dataframe
2024-05-08 04:35:00,587:INFO:Initializing Decision Tree Classifier
2024-05-08 04:35:00,587:INFO:Total runtime is 0.13235482772191365 minutes
2024-05-08 04:35:00,587:INFO:SubProcess create_model() called ==================================
2024-05-08 04:35:00,587:INFO:Initializing create_model()
2024-05-08 04:35:00,587:INFO:create_model(self=<pycaret.classification.oop.ClassificationExperiment object at 0x000001FED2E3CFA0>, estimator=dt, fold=StratifiedKFold(n_splits=10, random_state=None, shuffle=False), round=4, cross_validation=True, predict=True, fit_kwargs={}, groups=None, refit=False, probability_threshold=None, experiment_custom_tags=None, verbose=False, system=False, add_to_model_list=True, metrics=None, display=<pycaret.internal.display.display.CommonDisplay object at 0x000001FED7A68BE0>, model_only=True, return_train_score=False, error_score=0.0, kwargs={})
2024-05-08 04:35:00,587:INFO:Checking exceptions
2024-05-08 04:35:00,587:INFO:Importing libraries
2024-05-08 04:35:00,587:INFO:Copying training dataset
2024-05-08 04:35:00,587:INFO:Defining folds
2024-05-08 04:35:00,587:INFO:Declaring metric variables
2024-05-08 04:35:00,587:INFO:Importing untrained model
2024-05-08 04:35:00,587:INFO:Decision Tree Classifier Imported successfully
2024-05-08 04:35:00,587:INFO:Starting cross validation
2024-05-08 04:35:00,587:INFO:Cross validating with StratifiedKFold(n_splits=10, random_state=None, shuffle=False), n_jobs=-1
2024-05-08 04:35:00,696:INFO:Calculating mean and std
2024-05-08 04:35:00,696:INFO:Creating metrics dataframe
2024-05-08 04:35:00,696:INFO:Uploading results into container
2024-05-08 04:35:00,696:INFO:Uploading model into container now
2024-05-08 04:35:00,696:INFO:_master_model_container: 4
2024-05-08 04:35:00,696:INFO:_display_container: 2
2024-05-08 04:35:00,696:INFO:DecisionTreeClassifier(ccp_alpha=0.0, class_weight=None, criterion='gini',
                       max_depth=None, max_features=None, max_leaf_nodes=None,
                       min_impurity_decrease=0.0, min_samples_leaf=1,
                       min_samples_split=2, min_weight_fraction_leaf=0.0,
                       monotonic_cst=None, random_state=1352, splitter='best')
2024-05-08 04:35:00,696:INFO:create_model() successfully completed......................................
2024-05-08 04:35:00,763:INFO:SubProcess create_model() end ==================================
2024-05-08 04:35:00,763:INFO:Creating metrics dataframe
2024-05-08 04:35:00,765:INFO:Initializing SVM - Linear Kernel
2024-05-08 04:35:00,766:INFO:Total runtime is 0.13533420165379842 minutes
2024-05-08 04:35:00,766:INFO:SubProcess create_model() called ==================================
2024-05-08 04:35:00,766:INFO:Initializing create_model()
2024-05-08 04:35:00,766:INFO:create_model(self=<pycaret.classification.oop.ClassificationExperiment object at 0x000001FED2E3CFA0>, estimator=svm, fold=StratifiedKFold(n_splits=10, random_state=None, shuffle=False), round=4, cross_validation=True, predict=True, fit_kwargs={}, groups=None, refit=False, probability_threshold=None, experiment_custom_tags=None, verbose=False, system=False, add_to_model_list=True, metrics=None, display=<pycaret.internal.display.display.CommonDisplay object at 0x000001FED7A68BE0>, model_only=True, return_train_score=False, error_score=0.0, kwargs={})
2024-05-08 04:35:00,766:INFO:Checking exceptions
2024-05-08 04:35:00,766:INFO:Importing libraries
2024-05-08 04:35:00,766:INFO:Copying training dataset
2024-05-08 04:35:00,773:INFO:Defining folds
2024-05-08 04:35:00,773:INFO:Declaring metric variables
2024-05-08 04:35:00,774:INFO:Importing untrained model
2024-05-08 04:35:00,774:INFO:SVM - Linear Kernel Imported successfully
2024-05-08 04:35:00,774:INFO:Starting cross validation
2024-05-08 04:35:00,774:INFO:Cross validating with StratifiedKFold(n_splits=10, random_state=None, shuffle=False), n_jobs=-1
2024-05-08 04:35:00,913:WARNING:D:\Proyectos\Pruebas técnicas\Banco de Bogotá\venv\lib\site-packages\sklearn\metrics\_classification.py:1509: UndefinedMetricWarning: Precision is ill-defined and being set to 0.0 due to no predicted samples. Use `zero_division` parameter to control this behavior.
  _warn_prf(average, modifier, f"{metric.capitalize()} is", len(result))

2024-05-08 04:35:00,913:WARNING:D:\Proyectos\Pruebas técnicas\Banco de Bogotá\venv\lib\site-packages\sklearn\metrics\_classification.py:1509: UndefinedMetricWarning: Precision is ill-defined and being set to 0.0 due to no predicted samples. Use `zero_division` parameter to control this behavior.
  _warn_prf(average, modifier, f"{metric.capitalize()} is", len(result))

2024-05-08 04:35:00,929:WARNING:D:\Proyectos\Pruebas técnicas\Banco de Bogotá\venv\lib\site-packages\sklearn\metrics\_classification.py:1509: UndefinedMetricWarning: Precision is ill-defined and being set to 0.0 due to no predicted samples. Use `zero_division` parameter to control this behavior.
  _warn_prf(average, modifier, f"{metric.capitalize()} is", len(result))

2024-05-08 04:35:00,944:WARNING:D:\Proyectos\Pruebas técnicas\Banco de Bogotá\venv\lib\site-packages\sklearn\metrics\_classification.py:1509: UndefinedMetricWarning: Precision is ill-defined and being set to 0.0 due to no predicted samples. Use `zero_division` parameter to control this behavior.
  _warn_prf(average, modifier, f"{metric.capitalize()} is", len(result))

2024-05-08 04:35:00,944:WARNING:D:\Proyectos\Pruebas técnicas\Banco de Bogotá\venv\lib\site-packages\sklearn\metrics\_classification.py:1509: UndefinedMetricWarning: Precision is ill-defined and being set to 0.0 due to no predicted samples. Use `zero_division` parameter to control this behavior.
  _warn_prf(average, modifier, f"{metric.capitalize()} is", len(result))

2024-05-08 04:35:00,960:WARNING:D:\Proyectos\Pruebas técnicas\Banco de Bogotá\venv\lib\site-packages\sklearn\metrics\_classification.py:1509: UndefinedMetricWarning: Precision is ill-defined and being set to 0.0 due to no predicted samples. Use `zero_division` parameter to control this behavior.
  _warn_prf(average, modifier, f"{metric.capitalize()} is", len(result))

2024-05-08 04:35:00,975:WARNING:D:\Proyectos\Pruebas técnicas\Banco de Bogotá\venv\lib\site-packages\sklearn\metrics\_classification.py:1509: UndefinedMetricWarning: Precision is ill-defined and being set to 0.0 due to no predicted samples. Use `zero_division` parameter to control this behavior.
  _warn_prf(average, modifier, f"{metric.capitalize()} is", len(result))

2024-05-08 04:35:00,975:WARNING:D:\Proyectos\Pruebas técnicas\Banco de Bogotá\venv\lib\site-packages\sklearn\metrics\_classification.py:1509: UndefinedMetricWarning: Precision is ill-defined and being set to 0.0 due to no predicted samples. Use `zero_division` parameter to control this behavior.
  _warn_prf(average, modifier, f"{metric.capitalize()} is", len(result))

2024-05-08 04:35:01,007:WARNING:D:\Proyectos\Pruebas técnicas\Banco de Bogotá\venv\lib\site-packages\sklearn\metrics\_classification.py:1509: UndefinedMetricWarning: Precision is ill-defined and being set to 0.0 due to no predicted samples. Use `zero_division` parameter to control this behavior.
  _warn_prf(average, modifier, f"{metric.capitalize()} is", len(result))

2024-05-08 04:35:01,038:INFO:Calculating mean and std
2024-05-08 04:35:01,038:INFO:Creating metrics dataframe
2024-05-08 04:35:01,038:INFO:Uploading results into container
2024-05-08 04:35:01,038:INFO:Uploading model into container now
2024-05-08 04:35:01,038:INFO:_master_model_container: 5
2024-05-08 04:35:01,038:INFO:_display_container: 2
2024-05-08 04:35:01,038:INFO:SGDClassifier(alpha=0.0001, average=False, class_weight=None,
              early_stopping=False, epsilon=0.1, eta0=0.001, fit_intercept=True,
              l1_ratio=0.15, learning_rate='optimal', loss='hinge',
              max_iter=1000, n_iter_no_change=5, n_jobs=-1, penalty='l2',
              power_t=0.5, random_state=1352, shuffle=True, tol=0.001,
              validation_fraction=0.1, verbose=0, warm_start=False)
2024-05-08 04:35:01,038:INFO:create_model() successfully completed......................................
2024-05-08 04:35:01,138:INFO:SubProcess create_model() end ==================================
2024-05-08 04:35:01,138:INFO:Creating metrics dataframe
2024-05-08 04:35:01,138:INFO:Initializing Ridge Classifier
2024-05-08 04:35:01,138:INFO:Total runtime is 0.1415305217107137 minutes
2024-05-08 04:35:01,138:INFO:SubProcess create_model() called ==================================
2024-05-08 04:35:01,138:INFO:Initializing create_model()
2024-05-08 04:35:01,138:INFO:create_model(self=<pycaret.classification.oop.ClassificationExperiment object at 0x000001FED2E3CFA0>, estimator=ridge, fold=StratifiedKFold(n_splits=10, random_state=None, shuffle=False), round=4, cross_validation=True, predict=True, fit_kwargs={}, groups=None, refit=False, probability_threshold=None, experiment_custom_tags=None, verbose=False, system=False, add_to_model_list=True, metrics=None, display=<pycaret.internal.display.display.CommonDisplay object at 0x000001FED7A68BE0>, model_only=True, return_train_score=False, error_score=0.0, kwargs={})
2024-05-08 04:35:01,138:INFO:Checking exceptions
2024-05-08 04:35:01,138:INFO:Importing libraries
2024-05-08 04:35:01,138:INFO:Copying training dataset
2024-05-08 04:35:01,153:INFO:Defining folds
2024-05-08 04:35:01,153:INFO:Declaring metric variables
2024-05-08 04:35:01,153:INFO:Importing untrained model
2024-05-08 04:35:01,153:INFO:Ridge Classifier Imported successfully
2024-05-08 04:35:01,153:INFO:Starting cross validation
2024-05-08 04:35:01,153:INFO:Cross validating with StratifiedKFold(n_splits=10, random_state=None, shuffle=False), n_jobs=-1
2024-05-08 04:35:01,168:WARNING:D:\Proyectos\Pruebas técnicas\Banco de Bogotá\venv\lib\site-packages\sklearn\linear_model\_ridge.py:204: LinAlgWarning: Ill-conditioned matrix (rcond=2.40822e-13): result may not be accurate.
  return linalg.solve(A, Xy, assume_a="pos", overwrite_a=True).T

2024-05-08 04:35:01,186:WARNING:D:\Proyectos\Pruebas técnicas\Banco de Bogotá\venv\lib\site-packages\sklearn\linear_model\_ridge.py:204: LinAlgWarning: Ill-conditioned matrix (rcond=2.37513e-13): result may not be accurate.
  return linalg.solve(A, Xy, assume_a="pos", overwrite_a=True).T

2024-05-08 04:35:01,190:WARNING:D:\Proyectos\Pruebas técnicas\Banco de Bogotá\venv\lib\site-packages\sklearn\linear_model\_ridge.py:204: LinAlgWarning: Ill-conditioned matrix (rcond=2.43955e-13): result may not be accurate.
  return linalg.solve(A, Xy, assume_a="pos", overwrite_a=True).T

2024-05-08 04:35:01,191:WARNING:D:\Proyectos\Pruebas técnicas\Banco de Bogotá\venv\lib\site-packages\sklearn\linear_model\_ridge.py:204: LinAlgWarning: Ill-conditioned matrix (rcond=2.4058e-13): result may not be accurate.
  return linalg.solve(A, Xy, assume_a="pos", overwrite_a=True).T

2024-05-08 04:35:01,191:WARNING:D:\Proyectos\Pruebas técnicas\Banco de Bogotá\venv\lib\site-packages\sklearn\linear_model\_ridge.py:204: LinAlgWarning: Ill-conditioned matrix (rcond=2.42541e-13): result may not be accurate.
  return linalg.solve(A, Xy, assume_a="pos", overwrite_a=True).T

2024-05-08 04:35:01,191:WARNING:D:\Proyectos\Pruebas técnicas\Banco de Bogotá\venv\lib\site-packages\sklearn\linear_model\_ridge.py:204: LinAlgWarning: Ill-conditioned matrix (rcond=2.44421e-13): result may not be accurate.
  return linalg.solve(A, Xy, assume_a="pos", overwrite_a=True).T

2024-05-08 04:35:01,191:WARNING:D:\Proyectos\Pruebas técnicas\Banco de Bogotá\venv\lib\site-packages\sklearn\linear_model\_ridge.py:204: LinAlgWarning: Ill-conditioned matrix (rcond=2.42447e-13): result may not be accurate.
  return linalg.solve(A, Xy, assume_a="pos", overwrite_a=True).T

2024-05-08 04:35:01,191:WARNING:D:\Proyectos\Pruebas técnicas\Banco de Bogotá\venv\lib\site-packages\sklearn\linear_model\_ridge.py:204: LinAlgWarning: Ill-conditioned matrix (rcond=2.43513e-13): result may not be accurate.
  return linalg.solve(A, Xy, assume_a="pos", overwrite_a=True).T

2024-05-08 04:35:01,204:WARNING:D:\Proyectos\Pruebas técnicas\Banco de Bogotá\venv\lib\site-packages\sklearn\linear_model\_ridge.py:204: LinAlgWarning: Ill-conditioned matrix (rcond=2.45914e-13): result may not be accurate.
  return linalg.solve(A, Xy, assume_a="pos", overwrite_a=True).T

2024-05-08 04:35:01,207:WARNING:D:\Proyectos\Pruebas técnicas\Banco de Bogotá\venv\lib\site-packages\sklearn\linear_model\_ridge.py:204: LinAlgWarning: Ill-conditioned matrix (rcond=1.20651e-13): result may not be accurate.
  return linalg.solve(A, Xy, assume_a="pos", overwrite_a=True).T

2024-05-08 04:35:01,236:INFO:Calculating mean and std
2024-05-08 04:35:01,236:INFO:Creating metrics dataframe
2024-05-08 04:35:01,238:INFO:Uploading results into container
2024-05-08 04:35:01,238:INFO:Uploading model into container now
2024-05-08 04:35:01,238:INFO:_master_model_container: 6
2024-05-08 04:35:01,238:INFO:_display_container: 2
2024-05-08 04:35:01,239:INFO:RidgeClassifier(alpha=1.0, class_weight=None, copy_X=True, fit_intercept=True,
                max_iter=None, positive=False, random_state=1352, solver='auto',
                tol=0.0001)
2024-05-08 04:35:01,239:INFO:create_model() successfully completed......................................
2024-05-08 04:35:01,302:INFO:SubProcess create_model() end ==================================
2024-05-08 04:35:01,302:INFO:Creating metrics dataframe
2024-05-08 04:35:01,302:INFO:Initializing Random Forest Classifier
2024-05-08 04:35:01,302:INFO:Total runtime is 0.14426382780075073 minutes
2024-05-08 04:35:01,302:INFO:SubProcess create_model() called ==================================
2024-05-08 04:35:01,302:INFO:Initializing create_model()
2024-05-08 04:35:01,302:INFO:create_model(self=<pycaret.classification.oop.ClassificationExperiment object at 0x000001FED2E3CFA0>, estimator=rf, fold=StratifiedKFold(n_splits=10, random_state=None, shuffle=False), round=4, cross_validation=True, predict=True, fit_kwargs={}, groups=None, refit=False, probability_threshold=None, experiment_custom_tags=None, verbose=False, system=False, add_to_model_list=True, metrics=None, display=<pycaret.internal.display.display.CommonDisplay object at 0x000001FED7A68BE0>, model_only=True, return_train_score=False, error_score=0.0, kwargs={})
2024-05-08 04:35:01,302:INFO:Checking exceptions
2024-05-08 04:35:01,302:INFO:Importing libraries
2024-05-08 04:35:01,302:INFO:Copying training dataset
2024-05-08 04:35:01,302:INFO:Defining folds
2024-05-08 04:35:01,302:INFO:Declaring metric variables
2024-05-08 04:35:01,302:INFO:Importing untrained model
2024-05-08 04:35:01,302:INFO:Random Forest Classifier Imported successfully
2024-05-08 04:35:01,302:INFO:Starting cross validation
2024-05-08 04:35:01,302:INFO:Cross validating with StratifiedKFold(n_splits=10, random_state=None, shuffle=False), n_jobs=-1
2024-05-08 04:35:02,315:INFO:Calculating mean and std
2024-05-08 04:35:02,315:INFO:Creating metrics dataframe
2024-05-08 04:35:02,315:INFO:Uploading results into container
2024-05-08 04:35:02,315:INFO:Uploading model into container now
2024-05-08 04:35:02,315:INFO:_master_model_container: 7
2024-05-08 04:35:02,315:INFO:_display_container: 2
2024-05-08 04:35:02,315:INFO:RandomForestClassifier(bootstrap=True, ccp_alpha=0.0, class_weight=None,
                       criterion='gini', max_depth=None, max_features='sqrt',
                       max_leaf_nodes=None, max_samples=None,
                       min_impurity_decrease=0.0, min_samples_leaf=1,
                       min_samples_split=2, min_weight_fraction_leaf=0.0,
                       monotonic_cst=None, n_estimators=100, n_jobs=-1,
                       oob_score=False, random_state=1352, verbose=0,
                       warm_start=False)
2024-05-08 04:35:02,315:INFO:create_model() successfully completed......................................
2024-05-08 04:35:02,387:INFO:SubProcess create_model() end ==================================
2024-05-08 04:35:02,387:INFO:Creating metrics dataframe
2024-05-08 04:35:02,390:INFO:Initializing Quadratic Discriminant Analysis
2024-05-08 04:35:02,390:INFO:Total runtime is 0.16240423917770386 minutes
2024-05-08 04:35:02,390:INFO:SubProcess create_model() called ==================================
2024-05-08 04:35:02,390:INFO:Initializing create_model()
2024-05-08 04:35:02,390:INFO:create_model(self=<pycaret.classification.oop.ClassificationExperiment object at 0x000001FED2E3CFA0>, estimator=qda, fold=StratifiedKFold(n_splits=10, random_state=None, shuffle=False), round=4, cross_validation=True, predict=True, fit_kwargs={}, groups=None, refit=False, probability_threshold=None, experiment_custom_tags=None, verbose=False, system=False, add_to_model_list=True, metrics=None, display=<pycaret.internal.display.display.CommonDisplay object at 0x000001FED7A68BE0>, model_only=True, return_train_score=False, error_score=0.0, kwargs={})
2024-05-08 04:35:02,390:INFO:Checking exceptions
2024-05-08 04:35:02,390:INFO:Importing libraries
2024-05-08 04:35:02,390:INFO:Copying training dataset
2024-05-08 04:35:02,398:INFO:Defining folds
2024-05-08 04:35:02,398:INFO:Declaring metric variables
2024-05-08 04:35:02,398:INFO:Importing untrained model
2024-05-08 04:35:02,398:INFO:Quadratic Discriminant Analysis Imported successfully
2024-05-08 04:35:02,398:INFO:Starting cross validation
2024-05-08 04:35:02,399:INFO:Cross validating with StratifiedKFold(n_splits=10, random_state=None, shuffle=False), n_jobs=-1
2024-05-08 04:35:02,422:WARNING:D:\Proyectos\Pruebas técnicas\Banco de Bogotá\venv\lib\site-packages\sklearn\discriminant_analysis.py:935: UserWarning: Variables are collinear
  warnings.warn("Variables are collinear")

2024-05-08 04:35:02,422:WARNING:D:\Proyectos\Pruebas técnicas\Banco de Bogotá\venv\lib\site-packages\sklearn\discriminant_analysis.py:935: UserWarning: Variables are collinear
  warnings.warn("Variables are collinear")

2024-05-08 04:35:02,422:WARNING:D:\Proyectos\Pruebas técnicas\Banco de Bogotá\venv\lib\site-packages\sklearn\discriminant_analysis.py:935: UserWarning: Variables are collinear
  warnings.warn("Variables are collinear")

2024-05-08 04:35:02,422:WARNING:D:\Proyectos\Pruebas técnicas\Banco de Bogotá\venv\lib\site-packages\sklearn\discriminant_analysis.py:935: UserWarning: Variables are collinear
  warnings.warn("Variables are collinear")

2024-05-08 04:35:02,422:WARNING:D:\Proyectos\Pruebas técnicas\Banco de Bogotá\venv\lib\site-packages\sklearn\discriminant_analysis.py:935: UserWarning: Variables are collinear
  warnings.warn("Variables are collinear")

2024-05-08 04:35:02,437:WARNING:D:\Proyectos\Pruebas técnicas\Banco de Bogotá\venv\lib\site-packages\sklearn\discriminant_analysis.py:935: UserWarning: Variables are collinear
  warnings.warn("Variables are collinear")

2024-05-08 04:35:02,437:WARNING:D:\Proyectos\Pruebas técnicas\Banco de Bogotá\venv\lib\site-packages\sklearn\discriminant_analysis.py:935: UserWarning: Variables are collinear
  warnings.warn("Variables are collinear")

2024-05-08 04:35:02,437:WARNING:D:\Proyectos\Pruebas técnicas\Banco de Bogotá\venv\lib\site-packages\sklearn\discriminant_analysis.py:935: UserWarning: Variables are collinear
  warnings.warn("Variables are collinear")

2024-05-08 04:35:02,437:WARNING:D:\Proyectos\Pruebas técnicas\Banco de Bogotá\venv\lib\site-packages\sklearn\discriminant_analysis.py:935: UserWarning: Variables are collinear
  warnings.warn("Variables are collinear")

2024-05-08 04:35:02,437:WARNING:D:\Proyectos\Pruebas técnicas\Banco de Bogotá\venv\lib\site-packages\sklearn\discriminant_analysis.py:935: UserWarning: Variables are collinear
  warnings.warn("Variables are collinear")

2024-05-08 04:35:02,469:INFO:Calculating mean and std
2024-05-08 04:35:02,469:INFO:Creating metrics dataframe
2024-05-08 04:35:02,469:INFO:Uploading results into container
2024-05-08 04:35:02,469:INFO:Uploading model into container now
2024-05-08 04:35:02,469:INFO:_master_model_container: 8
2024-05-08 04:35:02,469:INFO:_display_container: 2
2024-05-08 04:35:02,469:INFO:QuadraticDiscriminantAnalysis(priors=None, reg_param=0.0,
                              store_covariance=False, tol=0.0001)
2024-05-08 04:35:02,469:INFO:create_model() successfully completed......................................
2024-05-08 04:35:02,544:INFO:SubProcess create_model() end ==================================
2024-05-08 04:35:02,544:INFO:Creating metrics dataframe
2024-05-08 04:35:02,546:INFO:Initializing Ada Boost Classifier
2024-05-08 04:35:02,546:INFO:Total runtime is 0.16500900189081827 minutes
2024-05-08 04:35:02,546:INFO:SubProcess create_model() called ==================================
2024-05-08 04:35:02,546:INFO:Initializing create_model()
2024-05-08 04:35:02,546:INFO:create_model(self=<pycaret.classification.oop.ClassificationExperiment object at 0x000001FED2E3CFA0>, estimator=ada, fold=StratifiedKFold(n_splits=10, random_state=None, shuffle=False), round=4, cross_validation=True, predict=True, fit_kwargs={}, groups=None, refit=False, probability_threshold=None, experiment_custom_tags=None, verbose=False, system=False, add_to_model_list=True, metrics=None, display=<pycaret.internal.display.display.CommonDisplay object at 0x000001FED7A68BE0>, model_only=True, return_train_score=False, error_score=0.0, kwargs={})
2024-05-08 04:35:02,547:INFO:Checking exceptions
2024-05-08 04:35:02,547:INFO:Importing libraries
2024-05-08 04:35:02,547:INFO:Copying training dataset
2024-05-08 04:35:02,554:INFO:Defining folds
2024-05-08 04:35:02,554:INFO:Declaring metric variables
2024-05-08 04:35:02,554:INFO:Importing untrained model
2024-05-08 04:35:02,554:INFO:Ada Boost Classifier Imported successfully
2024-05-08 04:35:02,555:INFO:Starting cross validation
2024-05-08 04:35:02,555:INFO:Cross validating with StratifiedKFold(n_splits=10, random_state=None, shuffle=False), n_jobs=-1
2024-05-08 04:35:02,572:WARNING:D:\Proyectos\Pruebas técnicas\Banco de Bogotá\venv\lib\site-packages\sklearn\ensemble\_weight_boosting.py:519: FutureWarning: The SAMME.R algorithm (the default) is deprecated and will be removed in 1.6. Use the SAMME algorithm to circumvent this warning.
  warnings.warn(

2024-05-08 04:35:02,572:WARNING:D:\Proyectos\Pruebas técnicas\Banco de Bogotá\venv\lib\site-packages\sklearn\ensemble\_weight_boosting.py:519: FutureWarning: The SAMME.R algorithm (the default) is deprecated and will be removed in 1.6. Use the SAMME algorithm to circumvent this warning.
  warnings.warn(

2024-05-08 04:35:02,572:WARNING:D:\Proyectos\Pruebas técnicas\Banco de Bogotá\venv\lib\site-packages\sklearn\ensemble\_weight_boosting.py:519: FutureWarning: The SAMME.R algorithm (the default) is deprecated and will be removed in 1.6. Use the SAMME algorithm to circumvent this warning.
  warnings.warn(

2024-05-08 04:35:02,572:WARNING:D:\Proyectos\Pruebas técnicas\Banco de Bogotá\venv\lib\site-packages\sklearn\ensemble\_weight_boosting.py:519: FutureWarning: The SAMME.R algorithm (the default) is deprecated and will be removed in 1.6. Use the SAMME algorithm to circumvent this warning.
  warnings.warn(

2024-05-08 04:35:02,572:WARNING:D:\Proyectos\Pruebas técnicas\Banco de Bogotá\venv\lib\site-packages\sklearn\ensemble\_weight_boosting.py:519: FutureWarning: The SAMME.R algorithm (the default) is deprecated and will be removed in 1.6. Use the SAMME algorithm to circumvent this warning.
  warnings.warn(

2024-05-08 04:35:02,572:WARNING:D:\Proyectos\Pruebas técnicas\Banco de Bogotá\venv\lib\site-packages\sklearn\ensemble\_weight_boosting.py:519: FutureWarning: The SAMME.R algorithm (the default) is deprecated and will be removed in 1.6. Use the SAMME algorithm to circumvent this warning.
  warnings.warn(

2024-05-08 04:35:02,588:WARNING:D:\Proyectos\Pruebas técnicas\Banco de Bogotá\venv\lib\site-packages\sklearn\ensemble\_weight_boosting.py:519: FutureWarning: The SAMME.R algorithm (the default) is deprecated and will be removed in 1.6. Use the SAMME algorithm to circumvent this warning.
  warnings.warn(

2024-05-08 04:35:02,588:WARNING:D:\Proyectos\Pruebas técnicas\Banco de Bogotá\venv\lib\site-packages\sklearn\ensemble\_weight_boosting.py:519: FutureWarning: The SAMME.R algorithm (the default) is deprecated and will be removed in 1.6. Use the SAMME algorithm to circumvent this warning.
  warnings.warn(

2024-05-08 04:35:02,588:WARNING:D:\Proyectos\Pruebas técnicas\Banco de Bogotá\venv\lib\site-packages\sklearn\ensemble\_weight_boosting.py:519: FutureWarning: The SAMME.R algorithm (the default) is deprecated and will be removed in 1.6. Use the SAMME algorithm to circumvent this warning.
  warnings.warn(

2024-05-08 04:35:02,588:WARNING:D:\Proyectos\Pruebas técnicas\Banco de Bogotá\venv\lib\site-packages\sklearn\ensemble\_weight_boosting.py:519: FutureWarning: The SAMME.R algorithm (the default) is deprecated and will be removed in 1.6. Use the SAMME algorithm to circumvent this warning.
  warnings.warn(

2024-05-08 04:35:03,004:INFO:Calculating mean and std
2024-05-08 04:35:03,004:INFO:Creating metrics dataframe
2024-05-08 04:35:03,004:INFO:Uploading results into container
2024-05-08 04:35:03,004:INFO:Uploading model into container now
2024-05-08 04:35:03,004:INFO:_master_model_container: 9
2024-05-08 04:35:03,004:INFO:_display_container: 2
2024-05-08 04:35:03,004:INFO:AdaBoostClassifier(algorithm='SAMME.R', estimator=None, learning_rate=1.0,
                   n_estimators=50, random_state=1352)
2024-05-08 04:35:03,004:INFO:create_model() successfully completed......................................
2024-05-08 04:35:03,122:INFO:SubProcess create_model() end ==================================
2024-05-08 04:35:03,122:INFO:Creating metrics dataframe
2024-05-08 04:35:03,122:INFO:Initializing Gradient Boosting Classifier
2024-05-08 04:35:03,122:INFO:Total runtime is 0.17460052967071532 minutes
2024-05-08 04:35:03,122:INFO:SubProcess create_model() called ==================================
2024-05-08 04:35:03,122:INFO:Initializing create_model()
2024-05-08 04:35:03,122:INFO:create_model(self=<pycaret.classification.oop.ClassificationExperiment object at 0x000001FED2E3CFA0>, estimator=gbc, fold=StratifiedKFold(n_splits=10, random_state=None, shuffle=False), round=4, cross_validation=True, predict=True, fit_kwargs={}, groups=None, refit=False, probability_threshold=None, experiment_custom_tags=None, verbose=False, system=False, add_to_model_list=True, metrics=None, display=<pycaret.internal.display.display.CommonDisplay object at 0x000001FED7A68BE0>, model_only=True, return_train_score=False, error_score=0.0, kwargs={})
2024-05-08 04:35:03,122:INFO:Checking exceptions
2024-05-08 04:35:03,122:INFO:Importing libraries
2024-05-08 04:35:03,122:INFO:Copying training dataset
2024-05-08 04:35:03,138:INFO:Defining folds
2024-05-08 04:35:03,138:INFO:Declaring metric variables
2024-05-08 04:35:03,138:INFO:Importing untrained model
2024-05-08 04:35:03,138:INFO:Gradient Boosting Classifier Imported successfully
2024-05-08 04:35:03,138:INFO:Starting cross validation
2024-05-08 04:35:03,138:INFO:Cross validating with StratifiedKFold(n_splits=10, random_state=None, shuffle=False), n_jobs=-1
2024-05-08 04:35:04,135:INFO:Calculating mean and std
2024-05-08 04:35:04,135:INFO:Creating metrics dataframe
2024-05-08 04:35:04,135:INFO:Uploading results into container
2024-05-08 04:35:04,135:INFO:Uploading model into container now
2024-05-08 04:35:04,135:INFO:_master_model_container: 10
2024-05-08 04:35:04,135:INFO:_display_container: 2
2024-05-08 04:35:04,135:INFO:GradientBoostingClassifier(ccp_alpha=0.0, criterion='friedman_mse', init=None,
                           learning_rate=0.1, loss='log_loss', max_depth=3,
                           max_features=None, max_leaf_nodes=None,
                           min_impurity_decrease=0.0, min_samples_leaf=1,
                           min_samples_split=2, min_weight_fraction_leaf=0.0,
                           n_estimators=100, n_iter_no_change=None,
                           random_state=1352, subsample=1.0, tol=0.0001,
                           validation_fraction=0.1, verbose=0,
                           warm_start=False)
2024-05-08 04:35:04,135:INFO:create_model() successfully completed......................................
2024-05-08 04:35:04,257:INFO:SubProcess create_model() end ==================================
2024-05-08 04:35:04,257:INFO:Creating metrics dataframe
2024-05-08 04:35:04,257:INFO:Initializing Linear Discriminant Analysis
2024-05-08 04:35:04,257:INFO:Total runtime is 0.19352247317632038 minutes
2024-05-08 04:35:04,257:INFO:SubProcess create_model() called ==================================
2024-05-08 04:35:04,257:INFO:Initializing create_model()
2024-05-08 04:35:04,257:INFO:create_model(self=<pycaret.classification.oop.ClassificationExperiment object at 0x000001FED2E3CFA0>, estimator=lda, fold=StratifiedKFold(n_splits=10, random_state=None, shuffle=False), round=4, cross_validation=True, predict=True, fit_kwargs={}, groups=None, refit=False, probability_threshold=None, experiment_custom_tags=None, verbose=False, system=False, add_to_model_list=True, metrics=None, display=<pycaret.internal.display.display.CommonDisplay object at 0x000001FED7A68BE0>, model_only=True, return_train_score=False, error_score=0.0, kwargs={})
2024-05-08 04:35:04,257:INFO:Checking exceptions
2024-05-08 04:35:04,257:INFO:Importing libraries
2024-05-08 04:35:04,257:INFO:Copying training dataset
2024-05-08 04:35:04,257:INFO:Defining folds
2024-05-08 04:35:04,257:INFO:Declaring metric variables
2024-05-08 04:35:04,257:INFO:Importing untrained model
2024-05-08 04:35:04,257:INFO:Linear Discriminant Analysis Imported successfully
2024-05-08 04:35:04,257:INFO:Starting cross validation
2024-05-08 04:35:04,257:INFO:Cross validating with StratifiedKFold(n_splits=10, random_state=None, shuffle=False), n_jobs=-1
2024-05-08 04:35:04,356:INFO:Calculating mean and std
2024-05-08 04:35:04,357:INFO:Creating metrics dataframe
2024-05-08 04:35:04,359:INFO:Uploading results into container
2024-05-08 04:35:04,359:INFO:Uploading model into container now
2024-05-08 04:35:04,360:INFO:_master_model_container: 11
2024-05-08 04:35:04,360:INFO:_display_container: 2
2024-05-08 04:35:04,361:INFO:LinearDiscriminantAnalysis(covariance_estimator=None, n_components=None,
                           priors=None, shrinkage=None, solver='svd',
                           store_covariance=False, tol=0.0001)
2024-05-08 04:35:04,361:INFO:create_model() successfully completed......................................
2024-05-08 04:35:04,429:INFO:SubProcess create_model() end ==================================
2024-05-08 04:35:04,429:INFO:Creating metrics dataframe
2024-05-08 04:35:04,431:INFO:Initializing Extra Trees Classifier
2024-05-08 04:35:04,431:INFO:Total runtime is 0.19642366965611774 minutes
2024-05-08 04:35:04,431:INFO:SubProcess create_model() called ==================================
2024-05-08 04:35:04,432:INFO:Initializing create_model()
2024-05-08 04:35:04,432:INFO:create_model(self=<pycaret.classification.oop.ClassificationExperiment object at 0x000001FED2E3CFA0>, estimator=et, fold=StratifiedKFold(n_splits=10, random_state=None, shuffle=False), round=4, cross_validation=True, predict=True, fit_kwargs={}, groups=None, refit=False, probability_threshold=None, experiment_custom_tags=None, verbose=False, system=False, add_to_model_list=True, metrics=None, display=<pycaret.internal.display.display.CommonDisplay object at 0x000001FED7A68BE0>, model_only=True, return_train_score=False, error_score=0.0, kwargs={})
2024-05-08 04:35:04,432:INFO:Checking exceptions
2024-05-08 04:35:04,432:INFO:Importing libraries
2024-05-08 04:35:04,432:INFO:Copying training dataset
2024-05-08 04:35:04,440:INFO:Defining folds
2024-05-08 04:35:04,440:INFO:Declaring metric variables
2024-05-08 04:35:04,440:INFO:Importing untrained model
2024-05-08 04:35:04,440:INFO:Extra Trees Classifier Imported successfully
2024-05-08 04:35:04,440:INFO:Starting cross validation
2024-05-08 04:35:04,441:INFO:Cross validating with StratifiedKFold(n_splits=10, random_state=None, shuffle=False), n_jobs=-1
2024-05-08 04:35:05,375:INFO:Calculating mean and std
2024-05-08 04:35:05,375:INFO:Creating metrics dataframe
2024-05-08 04:35:05,375:INFO:Uploading results into container
2024-05-08 04:35:05,375:INFO:Uploading model into container now
2024-05-08 04:35:05,375:INFO:_master_model_container: 12
2024-05-08 04:35:05,375:INFO:_display_container: 2
2024-05-08 04:35:05,375:INFO:ExtraTreesClassifier(bootstrap=False, ccp_alpha=0.0, class_weight=None,
                     criterion='gini', max_depth=None, max_features='sqrt',
                     max_leaf_nodes=None, max_samples=None,
                     min_impurity_decrease=0.0, min_samples_leaf=1,
                     min_samples_split=2, min_weight_fraction_leaf=0.0,
                     monotonic_cst=None, n_estimators=100, n_jobs=-1,
                     oob_score=False, random_state=1352, verbose=0,
                     warm_start=False)
2024-05-08 04:35:05,375:INFO:create_model() successfully completed......................................
2024-05-08 04:35:05,459:INFO:SubProcess create_model() end ==================================
2024-05-08 04:35:05,459:INFO:Creating metrics dataframe
2024-05-08 04:35:05,459:INFO:Initializing Extreme Gradient Boosting
2024-05-08 04:35:05,459:INFO:Total runtime is 0.21355509360631306 minutes
2024-05-08 04:35:05,459:INFO:SubProcess create_model() called ==================================
2024-05-08 04:35:05,459:INFO:Initializing create_model()
2024-05-08 04:35:05,459:INFO:create_model(self=<pycaret.classification.oop.ClassificationExperiment object at 0x000001FED2E3CFA0>, estimator=xgboost, fold=StratifiedKFold(n_splits=10, random_state=None, shuffle=False), round=4, cross_validation=True, predict=True, fit_kwargs={}, groups=None, refit=False, probability_threshold=None, experiment_custom_tags=None, verbose=False, system=False, add_to_model_list=True, metrics=None, display=<pycaret.internal.display.display.CommonDisplay object at 0x000001FED7A68BE0>, model_only=True, return_train_score=False, error_score=0.0, kwargs={})
2024-05-08 04:35:05,459:INFO:Checking exceptions
2024-05-08 04:35:05,459:INFO:Importing libraries
2024-05-08 04:35:05,459:INFO:Copying training dataset
2024-05-08 04:35:05,475:INFO:Defining folds
2024-05-08 04:35:05,475:INFO:Declaring metric variables
2024-05-08 04:35:05,475:INFO:Importing untrained model
2024-05-08 04:35:05,475:INFO:Extreme Gradient Boosting Imported successfully
2024-05-08 04:35:05,475:INFO:Starting cross validation
2024-05-08 04:35:05,475:INFO:Cross validating with StratifiedKFold(n_splits=10, random_state=None, shuffle=False), n_jobs=-1
2024-05-08 04:35:05,834:INFO:Calculating mean and std
2024-05-08 04:35:05,834:INFO:Creating metrics dataframe
2024-05-08 04:35:05,834:INFO:Uploading results into container
2024-05-08 04:35:05,834:INFO:Uploading model into container now
2024-05-08 04:35:05,834:INFO:_master_model_container: 13
2024-05-08 04:35:05,834:INFO:_display_container: 2
2024-05-08 04:35:05,834:INFO:XGBClassifier(base_score=None, booster='gbtree', callbacks=None,
              colsample_bylevel=None, colsample_bynode=None,
              colsample_bytree=None, device='cpu', early_stopping_rounds=None,
              enable_categorical=False, eval_metric=None, feature_types=None,
              gamma=None, grow_policy=None, importance_type=None,
              interaction_constraints=None, learning_rate=None, max_bin=None,
              max_cat_threshold=None, max_cat_to_onehot=None,
              max_delta_step=None, max_depth=None, max_leaves=None,
              min_child_weight=None, missing=nan, monotone_constraints=None,
              multi_strategy=None, n_estimators=None, n_jobs=-1,
              num_parallel_tree=None, objective='binary:logistic', ...)
2024-05-08 04:35:05,834:INFO:create_model() successfully completed......................................
2024-05-08 04:35:05,905:INFO:SubProcess create_model() end ==================================
2024-05-08 04:35:05,905:INFO:Creating metrics dataframe
2024-05-08 04:35:05,907:INFO:Initializing Light Gradient Boosting Machine
2024-05-08 04:35:05,907:INFO:Total runtime is 0.22102545499801635 minutes
2024-05-08 04:35:05,907:INFO:SubProcess create_model() called ==================================
2024-05-08 04:35:05,907:INFO:Initializing create_model()
2024-05-08 04:35:05,907:INFO:create_model(self=<pycaret.classification.oop.ClassificationExperiment object at 0x000001FED2E3CFA0>, estimator=lightgbm, fold=StratifiedKFold(n_splits=10, random_state=None, shuffle=False), round=4, cross_validation=True, predict=True, fit_kwargs={}, groups=None, refit=False, probability_threshold=None, experiment_custom_tags=None, verbose=False, system=False, add_to_model_list=True, metrics=None, display=<pycaret.internal.display.display.CommonDisplay object at 0x000001FED7A68BE0>, model_only=True, return_train_score=False, error_score=0.0, kwargs={})
2024-05-08 04:35:05,907:INFO:Checking exceptions
2024-05-08 04:35:05,907:INFO:Importing libraries
2024-05-08 04:35:05,907:INFO:Copying training dataset
2024-05-08 04:35:05,915:INFO:Defining folds
2024-05-08 04:35:05,915:INFO:Declaring metric variables
2024-05-08 04:35:05,915:INFO:Importing untrained model
2024-05-08 04:35:05,915:INFO:Light Gradient Boosting Machine Imported successfully
2024-05-08 04:35:05,915:INFO:Starting cross validation
2024-05-08 04:35:05,916:INFO:Cross validating with StratifiedKFold(n_splits=10, random_state=None, shuffle=False), n_jobs=-1
2024-05-08 04:35:07,038:INFO:Calculating mean and std
2024-05-08 04:35:07,038:INFO:Creating metrics dataframe
2024-05-08 04:35:07,038:INFO:Uploading results into container
2024-05-08 04:35:07,038:INFO:Uploading model into container now
2024-05-08 04:35:07,038:INFO:_master_model_container: 14
2024-05-08 04:35:07,038:INFO:_display_container: 2
2024-05-08 04:35:07,038:INFO:LGBMClassifier(boosting_type='gbdt', class_weight=None, colsample_bytree=1.0,
               importance_type='split', learning_rate=0.1, max_depth=-1,
               min_child_samples=20, min_child_weight=0.001, min_split_gain=0.0,
               n_estimators=100, n_jobs=-1, num_leaves=31, objective=None,
               random_state=1352, reg_alpha=0.0, reg_lambda=0.0, subsample=1.0,
               subsample_for_bin=200000, subsample_freq=0)
2024-05-08 04:35:07,038:INFO:create_model() successfully completed......................................
2024-05-08 04:35:07,130:INFO:SubProcess create_model() end ==================================
2024-05-08 04:35:07,130:INFO:Creating metrics dataframe
2024-05-08 04:35:07,132:INFO:Initializing CatBoost Classifier
2024-05-08 04:35:07,132:INFO:Total runtime is 0.24143993854522705 minutes
2024-05-08 04:35:07,132:INFO:SubProcess create_model() called ==================================
2024-05-08 04:35:07,132:INFO:Initializing create_model()
2024-05-08 04:35:07,133:INFO:create_model(self=<pycaret.classification.oop.ClassificationExperiment object at 0x000001FED2E3CFA0>, estimator=catboost, fold=StratifiedKFold(n_splits=10, random_state=None, shuffle=False), round=4, cross_validation=True, predict=True, fit_kwargs={}, groups=None, refit=False, probability_threshold=None, experiment_custom_tags=None, verbose=False, system=False, add_to_model_list=True, metrics=None, display=<pycaret.internal.display.display.CommonDisplay object at 0x000001FED7A68BE0>, model_only=True, return_train_score=False, error_score=0.0, kwargs={})
2024-05-08 04:35:07,133:INFO:Checking exceptions
2024-05-08 04:35:07,133:INFO:Importing libraries
2024-05-08 04:35:07,133:INFO:Copying training dataset
2024-05-08 04:35:07,141:INFO:Defining folds
2024-05-08 04:35:07,141:INFO:Declaring metric variables
2024-05-08 04:35:07,141:INFO:Importing untrained model
2024-05-08 04:35:07,141:INFO:CatBoost Classifier Imported successfully
2024-05-08 04:35:07,142:INFO:Starting cross validation
2024-05-08 04:35:07,142:INFO:Cross validating with StratifiedKFold(n_splits=10, random_state=None, shuffle=False), n_jobs=-1
2024-05-08 04:35:38,084:INFO:Calculating mean and std
2024-05-08 04:35:38,084:INFO:Creating metrics dataframe
2024-05-08 04:35:38,084:INFO:Uploading results into container
2024-05-08 04:35:38,084:INFO:Uploading model into container now
2024-05-08 04:35:38,084:INFO:_master_model_container: 15
2024-05-08 04:35:38,084:INFO:_display_container: 2
2024-05-08 04:35:38,084:INFO:<catboost.core.CatBoostClassifier object at 0x000001FED7A684F0>
2024-05-08 04:35:38,084:INFO:create_model() successfully completed......................................
2024-05-08 04:35:38,146:INFO:SubProcess create_model() end ==================================
2024-05-08 04:35:38,146:INFO:Creating metrics dataframe
2024-05-08 04:35:38,162:INFO:Initializing Dummy Classifier
2024-05-08 04:35:38,162:INFO:Total runtime is 0.7585975805918376 minutes
2024-05-08 04:35:38,162:INFO:SubProcess create_model() called ==================================
2024-05-08 04:35:38,162:INFO:Initializing create_model()
2024-05-08 04:35:38,162:INFO:create_model(self=<pycaret.classification.oop.ClassificationExperiment object at 0x000001FED2E3CFA0>, estimator=dummy, fold=StratifiedKFold(n_splits=10, random_state=None, shuffle=False), round=4, cross_validation=True, predict=True, fit_kwargs={}, groups=None, refit=False, probability_threshold=None, experiment_custom_tags=None, verbose=False, system=False, add_to_model_list=True, metrics=None, display=<pycaret.internal.display.display.CommonDisplay object at 0x000001FED7A68BE0>, model_only=True, return_train_score=False, error_score=0.0, kwargs={})
2024-05-08 04:35:38,162:INFO:Checking exceptions
2024-05-08 04:35:38,162:INFO:Importing libraries
2024-05-08 04:35:38,162:INFO:Copying training dataset
2024-05-08 04:35:38,162:INFO:Defining folds
2024-05-08 04:35:38,162:INFO:Declaring metric variables
2024-05-08 04:35:38,162:INFO:Importing untrained model
2024-05-08 04:35:38,162:INFO:Dummy Classifier Imported successfully
2024-05-08 04:35:38,162:INFO:Starting cross validation
2024-05-08 04:35:38,162:INFO:Cross validating with StratifiedKFold(n_splits=10, random_state=None, shuffle=False), n_jobs=-1
2024-05-08 04:35:38,208:WARNING:D:\Proyectos\Pruebas técnicas\Banco de Bogotá\venv\lib\site-packages\sklearn\metrics\_classification.py:1509: UndefinedMetricWarning: Precision is ill-defined and being set to 0.0 due to no predicted samples. Use `zero_division` parameter to control this behavior.
  _warn_prf(average, modifier, f"{metric.capitalize()} is", len(result))

2024-05-08 04:35:38,208:WARNING:D:\Proyectos\Pruebas técnicas\Banco de Bogotá\venv\lib\site-packages\sklearn\metrics\_classification.py:1509: UndefinedMetricWarning: Precision is ill-defined and being set to 0.0 due to no predicted samples. Use `zero_division` parameter to control this behavior.
  _warn_prf(average, modifier, f"{metric.capitalize()} is", len(result))

2024-05-08 04:35:38,208:WARNING:D:\Proyectos\Pruebas técnicas\Banco de Bogotá\venv\lib\site-packages\sklearn\metrics\_classification.py:1509: UndefinedMetricWarning: Precision is ill-defined and being set to 0.0 due to no predicted samples. Use `zero_division` parameter to control this behavior.
  _warn_prf(average, modifier, f"{metric.capitalize()} is", len(result))

2024-05-08 04:35:38,208:WARNING:D:\Proyectos\Pruebas técnicas\Banco de Bogotá\venv\lib\site-packages\sklearn\metrics\_classification.py:1509: UndefinedMetricWarning: Precision is ill-defined and being set to 0.0 due to no predicted samples. Use `zero_division` parameter to control this behavior.
  _warn_prf(average, modifier, f"{metric.capitalize()} is", len(result))

2024-05-08 04:35:38,208:WARNING:D:\Proyectos\Pruebas técnicas\Banco de Bogotá\venv\lib\site-packages\sklearn\metrics\_classification.py:1509: UndefinedMetricWarning: Precision is ill-defined and being set to 0.0 due to no predicted samples. Use `zero_division` parameter to control this behavior.
  _warn_prf(average, modifier, f"{metric.capitalize()} is", len(result))

2024-05-08 04:35:38,223:WARNING:D:\Proyectos\Pruebas técnicas\Banco de Bogotá\venv\lib\site-packages\sklearn\metrics\_classification.py:1509: UndefinedMetricWarning: Precision is ill-defined and being set to 0.0 due to no predicted samples. Use `zero_division` parameter to control this behavior.
  _warn_prf(average, modifier, f"{metric.capitalize()} is", len(result))

2024-05-08 04:35:38,223:WARNING:D:\Proyectos\Pruebas técnicas\Banco de Bogotá\venv\lib\site-packages\sklearn\metrics\_classification.py:1509: UndefinedMetricWarning: Precision is ill-defined and being set to 0.0 due to no predicted samples. Use `zero_division` parameter to control this behavior.
  _warn_prf(average, modifier, f"{metric.capitalize()} is", len(result))

2024-05-08 04:35:38,223:WARNING:D:\Proyectos\Pruebas técnicas\Banco de Bogotá\venv\lib\site-packages\sklearn\metrics\_classification.py:1509: UndefinedMetricWarning: Precision is ill-defined and being set to 0.0 due to no predicted samples. Use `zero_division` parameter to control this behavior.
  _warn_prf(average, modifier, f"{metric.capitalize()} is", len(result))

2024-05-08 04:35:38,223:WARNING:D:\Proyectos\Pruebas técnicas\Banco de Bogotá\venv\lib\site-packages\sklearn\metrics\_classification.py:1509: UndefinedMetricWarning: Precision is ill-defined and being set to 0.0 due to no predicted samples. Use `zero_division` parameter to control this behavior.
  _warn_prf(average, modifier, f"{metric.capitalize()} is", len(result))

2024-05-08 04:35:38,223:WARNING:D:\Proyectos\Pruebas técnicas\Banco de Bogotá\venv\lib\site-packages\sklearn\metrics\_classification.py:1509: UndefinedMetricWarning: Precision is ill-defined and being set to 0.0 due to no predicted samples. Use `zero_division` parameter to control this behavior.
  _warn_prf(average, modifier, f"{metric.capitalize()} is", len(result))

2024-05-08 04:35:38,255:INFO:Calculating mean and std
2024-05-08 04:35:38,255:INFO:Creating metrics dataframe
2024-05-08 04:35:38,255:INFO:Uploading results into container
2024-05-08 04:35:38,255:INFO:Uploading model into container now
2024-05-08 04:35:38,255:INFO:_master_model_container: 16
2024-05-08 04:35:38,255:INFO:_display_container: 2
2024-05-08 04:35:38,255:INFO:DummyClassifier(constant=None, random_state=1352, strategy='prior')
2024-05-08 04:35:38,255:INFO:create_model() successfully completed......................................
2024-05-08 04:35:38,333:INFO:SubProcess create_model() end ==================================
2024-05-08 04:35:38,333:INFO:Creating metrics dataframe
2024-05-08 04:35:38,333:WARNING:D:\Proyectos\Pruebas técnicas\Banco de Bogotá\venv\lib\site-packages\pycaret\internal\pycaret_experiment\supervised_experiment.py:323: FutureWarning: Styler.applymap has been deprecated. Use Styler.map instead.
  master_display_.apply(

2024-05-08 04:35:38,348:INFO:Initializing create_model()
2024-05-08 04:35:38,348:INFO:create_model(self=<pycaret.classification.oop.ClassificationExperiment object at 0x000001FED2E3CFA0>, estimator=AdaBoostClassifier(algorithm='SAMME.R', estimator=None, learning_rate=1.0,
                   n_estimators=50, random_state=1352), fold=StratifiedKFold(n_splits=10, random_state=None, shuffle=False), round=4, cross_validation=False, predict=False, fit_kwargs={}, groups=None, refit=True, probability_threshold=None, experiment_custom_tags=None, verbose=False, system=False, add_to_model_list=True, metrics=None, display=None, model_only=True, return_train_score=False, error_score=0.0, kwargs={})
2024-05-08 04:35:38,348:INFO:Checking exceptions
2024-05-08 04:35:38,348:INFO:Importing libraries
2024-05-08 04:35:38,348:INFO:Copying training dataset
2024-05-08 04:35:38,348:INFO:Defining folds
2024-05-08 04:35:38,348:INFO:Declaring metric variables
2024-05-08 04:35:38,348:INFO:Importing untrained model
2024-05-08 04:35:38,348:INFO:Declaring custom model
2024-05-08 04:35:38,348:INFO:Ada Boost Classifier Imported successfully
2024-05-08 04:35:38,348:INFO:Cross validation set to False
2024-05-08 04:35:38,348:INFO:Fitting Model
2024-05-08 04:35:38,364:WARNING:D:\Proyectos\Pruebas técnicas\Banco de Bogotá\venv\lib\site-packages\sklearn\ensemble\_weight_boosting.py:519: FutureWarning: The SAMME.R algorithm (the default) is deprecated and will be removed in 1.6. Use the SAMME algorithm to circumvent this warning.
  warnings.warn(

2024-05-08 04:35:38,659:INFO:AdaBoostClassifier(algorithm='SAMME.R', estimator=None, learning_rate=1.0,
                   n_estimators=50, random_state=1352)
2024-05-08 04:35:38,659:INFO:create_model() successfully completed......................................
2024-05-08 04:35:38,740:INFO:_master_model_container: 16
2024-05-08 04:35:38,740:INFO:_display_container: 2
2024-05-08 04:35:38,740:INFO:AdaBoostClassifier(algorithm='SAMME.R', estimator=None, learning_rate=1.0,
                   n_estimators=50, random_state=1352)
2024-05-08 04:35:38,740:INFO:compare_models() successfully completed......................................
2024-05-08 04:35:38,740:INFO:Initializing create_model()
2024-05-08 04:35:38,740:INFO:create_model(self=<pycaret.classification.oop.ClassificationExperiment object at 0x000001FED2E3CFA0>, estimator=ada, fold=None, round=4, cross_validation=True, predict=True, fit_kwargs=None, groups=None, refit=True, probability_threshold=None, experiment_custom_tags=None, verbose=True, system=True, add_to_model_list=True, metrics=None, display=None, model_only=True, return_train_score=False, error_score=0.0, kwargs={})
2024-05-08 04:35:38,740:INFO:Checking exceptions
2024-05-08 04:35:38,740:INFO:Importing libraries
2024-05-08 04:35:38,740:INFO:Copying training dataset
2024-05-08 04:35:38,756:INFO:Defining folds
2024-05-08 04:35:38,756:INFO:Declaring metric variables
2024-05-08 04:35:38,756:INFO:Importing untrained model
2024-05-08 04:35:38,756:INFO:Ada Boost Classifier Imported successfully
2024-05-08 04:35:38,756:INFO:Starting cross validation
2024-05-08 04:35:38,756:INFO:Cross validating with StratifiedKFold(n_splits=10, random_state=None, shuffle=False), n_jobs=-1
2024-05-08 04:35:38,772:WARNING:D:\Proyectos\Pruebas técnicas\Banco de Bogotá\venv\lib\site-packages\sklearn\ensemble\_weight_boosting.py:519: FutureWarning: The SAMME.R algorithm (the default) is deprecated and will be removed in 1.6. Use the SAMME algorithm to circumvent this warning.
  warnings.warn(

2024-05-08 04:35:38,787:WARNING:D:\Proyectos\Pruebas técnicas\Banco de Bogotá\venv\lib\site-packages\sklearn\ensemble\_weight_boosting.py:519: FutureWarning: The SAMME.R algorithm (the default) is deprecated and will be removed in 1.6. Use the SAMME algorithm to circumvent this warning.
  warnings.warn(

2024-05-08 04:35:38,787:WARNING:D:\Proyectos\Pruebas técnicas\Banco de Bogotá\venv\lib\site-packages\sklearn\ensemble\_weight_boosting.py:519: FutureWarning: The SAMME.R algorithm (the default) is deprecated and will be removed in 1.6. Use the SAMME algorithm to circumvent this warning.
  warnings.warn(

2024-05-08 04:35:38,787:WARNING:D:\Proyectos\Pruebas técnicas\Banco de Bogotá\venv\lib\site-packages\sklearn\ensemble\_weight_boosting.py:519: FutureWarning: The SAMME.R algorithm (the default) is deprecated and will be removed in 1.6. Use the SAMME algorithm to circumvent this warning.
  warnings.warn(

2024-05-08 04:35:38,787:WARNING:D:\Proyectos\Pruebas técnicas\Banco de Bogotá\venv\lib\site-packages\sklearn\ensemble\_weight_boosting.py:519: FutureWarning: The SAMME.R algorithm (the default) is deprecated and will be removed in 1.6. Use the SAMME algorithm to circumvent this warning.
  warnings.warn(

2024-05-08 04:35:38,803:WARNING:D:\Proyectos\Pruebas técnicas\Banco de Bogotá\venv\lib\site-packages\sklearn\ensemble\_weight_boosting.py:519: FutureWarning: The SAMME.R algorithm (the default) is deprecated and will be removed in 1.6. Use the SAMME algorithm to circumvent this warning.
  warnings.warn(

2024-05-08 04:35:38,803:WARNING:D:\Proyectos\Pruebas técnicas\Banco de Bogotá\venv\lib\site-packages\sklearn\ensemble\_weight_boosting.py:519: FutureWarning: The SAMME.R algorithm (the default) is deprecated and will be removed in 1.6. Use the SAMME algorithm to circumvent this warning.
  warnings.warn(

2024-05-08 04:35:38,803:WARNING:D:\Proyectos\Pruebas técnicas\Banco de Bogotá\venv\lib\site-packages\sklearn\ensemble\_weight_boosting.py:519: FutureWarning: The SAMME.R algorithm (the default) is deprecated and will be removed in 1.6. Use the SAMME algorithm to circumvent this warning.
  warnings.warn(

2024-05-08 04:35:38,803:WARNING:D:\Proyectos\Pruebas técnicas\Banco de Bogotá\venv\lib\site-packages\sklearn\ensemble\_weight_boosting.py:519: FutureWarning: The SAMME.R algorithm (the default) is deprecated and will be removed in 1.6. Use the SAMME algorithm to circumvent this warning.
  warnings.warn(

2024-05-08 04:35:38,803:WARNING:D:\Proyectos\Pruebas técnicas\Banco de Bogotá\venv\lib\site-packages\sklearn\ensemble\_weight_boosting.py:519: FutureWarning: The SAMME.R algorithm (the default) is deprecated and will be removed in 1.6. Use the SAMME algorithm to circumvent this warning.
  warnings.warn(

2024-05-08 04:35:39,293:INFO:Calculating mean and std
2024-05-08 04:35:39,293:INFO:Creating metrics dataframe
2024-05-08 04:35:39,295:INFO:Finalizing model
2024-05-08 04:35:39,302:WARNING:D:\Proyectos\Pruebas técnicas\Banco de Bogotá\venv\lib\site-packages\sklearn\ensemble\_weight_boosting.py:519: FutureWarning: The SAMME.R algorithm (the default) is deprecated and will be removed in 1.6. Use the SAMME algorithm to circumvent this warning.
  warnings.warn(

2024-05-08 04:35:39,568:INFO:Uploading results into container
2024-05-08 04:35:39,568:INFO:Uploading model into container now
2024-05-08 04:35:39,584:INFO:_master_model_container: 17
2024-05-08 04:35:39,584:INFO:_display_container: 3
2024-05-08 04:35:39,584:INFO:AdaBoostClassifier(algorithm='SAMME.R', estimator=None, learning_rate=1.0,
                   n_estimators=50, random_state=1352)
2024-05-08 04:35:39,584:INFO:create_model() successfully completed......................................
2024-05-08 04:35:39,642:INFO:Initializing tune_model()
2024-05-08 04:35:39,642:INFO:tune_model(estimator=AdaBoostClassifier(algorithm='SAMME.R', estimator=None, learning_rate=1.0,
                   n_estimators=50, random_state=1352), fold=None, round=4, n_iter=10, custom_grid=None, optimize=Accuracy, custom_scorer=None, search_library=scikit-learn, search_algorithm=None, early_stopping=False, early_stopping_max_iters=10, choose_better=True, fit_kwargs=None, groups=None, return_tuner=False, verbose=True, tuner_verbose=True, return_train_score=False, kwargs={}, self=<pycaret.classification.oop.ClassificationExperiment object at 0x000001FED2E3CFA0>)
2024-05-08 04:35:39,642:INFO:Checking exceptions
2024-05-08 04:35:39,658:INFO:Copying training dataset
2024-05-08 04:35:39,658:INFO:Checking base model
2024-05-08 04:35:39,658:INFO:Base model : Ada Boost Classifier
2024-05-08 04:35:39,658:INFO:Declaring metric variables
2024-05-08 04:35:39,658:INFO:Defining Hyperparameters
2024-05-08 04:35:39,721:INFO:Tuning with n_jobs=-1
2024-05-08 04:35:39,721:INFO:Initializing RandomizedSearchCV
2024-05-08 04:35:47,245:INFO:best_params: {'actual_estimator__n_estimators': 260, 'actual_estimator__learning_rate': 0.05, 'actual_estimator__algorithm': 'SAMME'}
2024-05-08 04:35:47,246:INFO:Hyperparameter search completed
2024-05-08 04:35:47,246:INFO:SubProcess create_model() called ==================================
2024-05-08 04:35:47,246:INFO:Initializing create_model()
2024-05-08 04:35:47,246:INFO:create_model(self=<pycaret.classification.oop.ClassificationExperiment object at 0x000001FED2E3CFA0>, estimator=AdaBoostClassifier(algorithm='SAMME.R', estimator=None, learning_rate=1.0,
                   n_estimators=50, random_state=1352), fold=StratifiedKFold(n_splits=10, random_state=None, shuffle=False), round=4, cross_validation=True, predict=True, fit_kwargs={}, groups=None, refit=True, probability_threshold=None, experiment_custom_tags=None, verbose=True, system=False, add_to_model_list=True, metrics=None, display=<pycaret.internal.display.display.CommonDisplay object at 0x000001FED7A0C1F0>, model_only=True, return_train_score=False, error_score=0.0, kwargs={'n_estimators': 260, 'learning_rate': 0.05, 'algorithm': 'SAMME'})
2024-05-08 04:35:47,246:INFO:Checking exceptions
2024-05-08 04:35:47,246:INFO:Importing libraries
2024-05-08 04:35:47,246:INFO:Copying training dataset
2024-05-08 04:35:47,263:INFO:Defining folds
2024-05-08 04:35:47,263:INFO:Declaring metric variables
2024-05-08 04:35:47,263:INFO:Importing untrained model
2024-05-08 04:35:47,263:INFO:Declaring custom model
2024-05-08 04:35:47,264:INFO:Ada Boost Classifier Imported successfully
2024-05-08 04:35:47,264:INFO:Starting cross validation
2024-05-08 04:35:47,265:INFO:Cross validating with StratifiedKFold(n_splits=10, random_state=None, shuffle=False), n_jobs=-1
2024-05-08 04:35:49,476:INFO:Calculating mean and std
2024-05-08 04:35:49,476:INFO:Creating metrics dataframe
2024-05-08 04:35:49,476:INFO:Finalizing model
2024-05-08 04:35:50,586:INFO:Uploading results into container
2024-05-08 04:35:50,586:INFO:Uploading model into container now
2024-05-08 04:35:50,586:INFO:_master_model_container: 18
2024-05-08 04:35:50,586:INFO:_display_container: 4
2024-05-08 04:35:50,586:INFO:AdaBoostClassifier(algorithm='SAMME', estimator=None, learning_rate=0.05,
                   n_estimators=260, random_state=1352)
2024-05-08 04:35:50,586:INFO:create_model() successfully completed......................................
2024-05-08 04:35:50,648:INFO:SubProcess create_model() end ==================================
2024-05-08 04:35:50,648:INFO:choose_better activated
2024-05-08 04:35:50,648:INFO:SubProcess create_model() called ==================================
2024-05-08 04:35:50,648:INFO:Initializing create_model()
2024-05-08 04:35:50,648:INFO:create_model(self=<pycaret.classification.oop.ClassificationExperiment object at 0x000001FED2E3CFA0>, estimator=AdaBoostClassifier(algorithm='SAMME.R', estimator=None, learning_rate=1.0,
                   n_estimators=50, random_state=1352), fold=StratifiedKFold(n_splits=10, random_state=None, shuffle=False), round=4, cross_validation=True, predict=True, fit_kwargs={}, groups=None, refit=True, probability_threshold=None, experiment_custom_tags=None, verbose=False, system=False, add_to_model_list=True, metrics=None, display=None, model_only=True, return_train_score=False, error_score=0.0, kwargs={})
2024-05-08 04:35:50,648:INFO:Checking exceptions
2024-05-08 04:35:50,648:INFO:Importing libraries
2024-05-08 04:35:50,648:INFO:Copying training dataset
2024-05-08 04:35:50,648:INFO:Defining folds
2024-05-08 04:35:50,648:INFO:Declaring metric variables
2024-05-08 04:35:50,648:INFO:Importing untrained model
2024-05-08 04:35:50,648:INFO:Declaring custom model
2024-05-08 04:35:50,648:INFO:Ada Boost Classifier Imported successfully
2024-05-08 04:35:50,648:INFO:Starting cross validation
2024-05-08 04:35:50,664:INFO:Cross validating with StratifiedKFold(n_splits=10, random_state=None, shuffle=False), n_jobs=-1
2024-05-08 04:35:50,679:WARNING:D:\Proyectos\Pruebas técnicas\Banco de Bogotá\venv\lib\site-packages\sklearn\ensemble\_weight_boosting.py:519: FutureWarning: The SAMME.R algorithm (the default) is deprecated and will be removed in 1.6. Use the SAMME algorithm to circumvent this warning.
  warnings.warn(

2024-05-08 04:35:50,679:WARNING:D:\Proyectos\Pruebas técnicas\Banco de Bogotá\venv\lib\site-packages\sklearn\ensemble\_weight_boosting.py:519: FutureWarning: The SAMME.R algorithm (the default) is deprecated and will be removed in 1.6. Use the SAMME algorithm to circumvent this warning.
  warnings.warn(

2024-05-08 04:35:50,679:WARNING:D:\Proyectos\Pruebas técnicas\Banco de Bogotá\venv\lib\site-packages\sklearn\ensemble\_weight_boosting.py:519: FutureWarning: The SAMME.R algorithm (the default) is deprecated and will be removed in 1.6. Use the SAMME algorithm to circumvent this warning.
  warnings.warn(

2024-05-08 04:35:50,679:WARNING:D:\Proyectos\Pruebas técnicas\Banco de Bogotá\venv\lib\site-packages\sklearn\ensemble\_weight_boosting.py:519: FutureWarning: The SAMME.R algorithm (the default) is deprecated and will be removed in 1.6. Use the SAMME algorithm to circumvent this warning.
  warnings.warn(

2024-05-08 04:35:50,679:WARNING:D:\Proyectos\Pruebas técnicas\Banco de Bogotá\venv\lib\site-packages\sklearn\ensemble\_weight_boosting.py:519: FutureWarning: The SAMME.R algorithm (the default) is deprecated and will be removed in 1.6. Use the SAMME algorithm to circumvent this warning.
  warnings.warn(

2024-05-08 04:35:50,679:WARNING:D:\Proyectos\Pruebas técnicas\Banco de Bogotá\venv\lib\site-packages\sklearn\ensemble\_weight_boosting.py:519: FutureWarning: The SAMME.R algorithm (the default) is deprecated and will be removed in 1.6. Use the SAMME algorithm to circumvent this warning.
  warnings.warn(

2024-05-08 04:35:50,695:WARNING:D:\Proyectos\Pruebas técnicas\Banco de Bogotá\venv\lib\site-packages\sklearn\ensemble\_weight_boosting.py:519: FutureWarning: The SAMME.R algorithm (the default) is deprecated and will be removed in 1.6. Use the SAMME algorithm to circumvent this warning.
  warnings.warn(

2024-05-08 04:35:50,695:WARNING:D:\Proyectos\Pruebas técnicas\Banco de Bogotá\venv\lib\site-packages\sklearn\ensemble\_weight_boosting.py:519: FutureWarning: The SAMME.R algorithm (the default) is deprecated and will be removed in 1.6. Use the SAMME algorithm to circumvent this warning.
  warnings.warn(

2024-05-08 04:35:50,695:WARNING:D:\Proyectos\Pruebas técnicas\Banco de Bogotá\venv\lib\site-packages\sklearn\ensemble\_weight_boosting.py:519: FutureWarning: The SAMME.R algorithm (the default) is deprecated and will be removed in 1.6. Use the SAMME algorithm to circumvent this warning.
  warnings.warn(

2024-05-08 04:35:50,695:WARNING:D:\Proyectos\Pruebas técnicas\Banco de Bogotá\venv\lib\site-packages\sklearn\ensemble\_weight_boosting.py:519: FutureWarning: The SAMME.R algorithm (the default) is deprecated and will be removed in 1.6. Use the SAMME algorithm to circumvent this warning.
  warnings.warn(

2024-05-08 04:35:51,119:INFO:Calculating mean and std
2024-05-08 04:35:51,119:INFO:Creating metrics dataframe
2024-05-08 04:35:51,121:INFO:Finalizing model
2024-05-08 04:35:51,127:WARNING:D:\Proyectos\Pruebas técnicas\Banco de Bogotá\venv\lib\site-packages\sklearn\ensemble\_weight_boosting.py:519: FutureWarning: The SAMME.R algorithm (the default) is deprecated and will be removed in 1.6. Use the SAMME algorithm to circumvent this warning.
  warnings.warn(

2024-05-08 04:35:51,369:INFO:Uploading results into container
2024-05-08 04:35:51,369:INFO:Uploading model into container now
2024-05-08 04:35:51,369:INFO:_master_model_container: 19
2024-05-08 04:35:51,369:INFO:_display_container: 5
2024-05-08 04:35:51,369:INFO:AdaBoostClassifier(algorithm='SAMME.R', estimator=None, learning_rate=1.0,
                   n_estimators=50, random_state=1352)
2024-05-08 04:35:51,369:INFO:create_model() successfully completed......................................
2024-05-08 04:35:51,446:INFO:SubProcess create_model() end ==================================
2024-05-08 04:35:51,446:INFO:AdaBoostClassifier(algorithm='SAMME.R', estimator=None, learning_rate=1.0,
                   n_estimators=50, random_state=1352) result for Accuracy is 0.9
2024-05-08 04:35:51,446:INFO:AdaBoostClassifier(algorithm='SAMME', estimator=None, learning_rate=0.05,
                   n_estimators=260, random_state=1352) result for Accuracy is 0.8988
2024-05-08 04:35:51,447:INFO:AdaBoostClassifier(algorithm='SAMME.R', estimator=None, learning_rate=1.0,
                   n_estimators=50, random_state=1352) is best model
2024-05-08 04:35:51,447:INFO:choose_better completed
2024-05-08 04:35:51,447:INFO:Original model was better than the tuned model, hence it will be returned. NOTE: The display metrics are for the tuned model (not the original one).
2024-05-08 04:35:51,457:INFO:_master_model_container: 19
2024-05-08 04:35:51,457:INFO:_display_container: 4
2024-05-08 04:35:51,457:INFO:AdaBoostClassifier(algorithm='SAMME.R', estimator=None, learning_rate=1.0,
                   n_estimators=50, random_state=1352)
2024-05-08 04:35:51,457:INFO:tune_model() successfully completed......................................
2024-05-08 04:35:51,532:INFO:Initializing predict_model()
2024-05-08 04:35:51,532:INFO:predict_model(self=<pycaret.classification.oop.ClassificationExperiment object at 0x000001FED2E3CFA0>, estimator=AdaBoostClassifier(algorithm='SAMME.R', estimator=None, learning_rate=1.0,
                   n_estimators=50, random_state=1352), probability_threshold=None, encoded_labels=False, raw_score=False, round=4, verbose=True, ml_usecase=None, preprocess=True, encode_labels=<function _SupervisedExperiment.predict_model.<locals>.encode_labels at 0x000001FED74679D0>)
2024-05-08 04:35:51,532:INFO:Checking exceptions
2024-05-08 04:35:51,532:INFO:Preloading libraries
2024-05-08 04:35:51,532:INFO:Set up data.
2024-05-08 04:35:51,545:INFO:Set up index.
2024-05-08 04:35:51,684:INFO:Initializing finalize_model()
2024-05-08 04:35:51,684:INFO:finalize_model(self=<pycaret.classification.oop.ClassificationExperiment object at 0x000001FED2E3CFA0>, estimator=AdaBoostClassifier(algorithm='SAMME.R', estimator=None, learning_rate=1.0,
                   n_estimators=50, random_state=1352), fit_kwargs=None, groups=None, model_only=False, experiment_custom_tags=None)
2024-05-08 04:35:51,685:INFO:Finalizing AdaBoostClassifier(algorithm='SAMME.R', estimator=None, learning_rate=1.0,
                   n_estimators=50, random_state=1352)
2024-05-08 04:35:51,689:INFO:Initializing create_model()
2024-05-08 04:35:51,689:INFO:create_model(self=<pycaret.classification.oop.ClassificationExperiment object at 0x000001FED2E3CFA0>, estimator=AdaBoostClassifier(algorithm='SAMME.R', estimator=None, learning_rate=1.0,
                   n_estimators=50, random_state=1352), fold=None, round=4, cross_validation=False, predict=False, fit_kwargs={}, groups=None, refit=True, probability_threshold=None, experiment_custom_tags=None, verbose=False, system=False, add_to_model_list=False, metrics=None, display=None, model_only=False, return_train_score=False, error_score=0.0, kwargs={})
2024-05-08 04:35:51,689:INFO:Checking exceptions
2024-05-08 04:35:51,690:INFO:Importing libraries
2024-05-08 04:35:51,690:INFO:Copying training dataset
2024-05-08 04:35:51,690:INFO:Defining folds
2024-05-08 04:35:51,690:INFO:Declaring metric variables
2024-05-08 04:35:51,691:INFO:Importing untrained model
2024-05-08 04:35:51,691:INFO:Declaring custom model
2024-05-08 04:35:51,691:INFO:Ada Boost Classifier Imported successfully
2024-05-08 04:35:51,691:INFO:Cross validation set to False
2024-05-08 04:35:51,692:INFO:Fitting Model
2024-05-08 04:35:51,698:WARNING:D:\Proyectos\Pruebas técnicas\Banco de Bogotá\venv\lib\site-packages\sklearn\ensemble\_weight_boosting.py:519: FutureWarning: The SAMME.R algorithm (the default) is deprecated and will be removed in 1.6. Use the SAMME algorithm to circumvent this warning.
  warnings.warn(

2024-05-08 04:35:52,019:INFO:Pipeline(memory=Memory(location=None),
         steps=[('numerical_imputer',
                 TransformerWrapper(exclude=None,
                                    include=['Tipo_Trabajo_ENC',
                                             'Estado_Civil_ENC', 'mora',
                                             'Vivienda', 'Consumo',
                                             'Contacto_ENC', 'Dias_Ultima_Camp',
                                             'No_Contactos', 'emp_var_rate',
                                             'cons_price_idx', 'cons_conf_idx',
                                             'euribor3m'],
                                    transformer=SimpleImputer(add_indicator=False,
                                                              copy=True,
                                                              fill_value=...
                ('categorical_imputer',
                 TransformerWrapper(exclude=None, include=[],
                                    transformer=SimpleImputer(add_indicator=False,
                                                              copy=True,
                                                              fill_value=None,
                                                              keep_empty_features=False,
                                                              missing_values=nan,
                                                              strategy='most_frequent'))),
                ('actual_estimator',
                 AdaBoostClassifier(algorithm='SAMME.R', estimator=None,
                                    learning_rate=1.0, n_estimators=50,
                                    random_state=1352))],
         verbose=False)
2024-05-08 04:35:52,019:INFO:create_model() successfully completed......................................
2024-05-08 04:35:52,089:INFO:_master_model_container: 19
2024-05-08 04:35:52,089:INFO:_display_container: 5
2024-05-08 04:35:52,089:INFO:Pipeline(memory=Memory(location=None),
         steps=[('numerical_imputer',
                 TransformerWrapper(exclude=None,
                                    include=['Tipo_Trabajo_ENC',
                                             'Estado_Civil_ENC', 'mora',
                                             'Vivienda', 'Consumo',
                                             'Contacto_ENC', 'Dias_Ultima_Camp',
                                             'No_Contactos', 'emp_var_rate',
                                             'cons_price_idx', 'cons_conf_idx',
                                             'euribor3m'],
                                    transformer=SimpleImputer(add_indicator=False,
                                                              copy=True,
                                                              fill_value=...
                ('categorical_imputer',
                 TransformerWrapper(exclude=None, include=[],
                                    transformer=SimpleImputer(add_indicator=False,
                                                              copy=True,
                                                              fill_value=None,
                                                              keep_empty_features=False,
                                                              missing_values=nan,
                                                              strategy='most_frequent'))),
                ('actual_estimator',
                 AdaBoostClassifier(algorithm='SAMME.R', estimator=None,
                                    learning_rate=1.0, n_estimators=50,
                                    random_state=1352))],
         verbose=False)
2024-05-08 04:35:52,089:INFO:finalize_model() successfully completed......................................
2024-05-08 04:35:52,156:INFO:Initializing save_model()
2024-05-08 04:35:52,156:INFO:save_model(model=Pipeline(memory=Memory(location=None),
         steps=[('numerical_imputer',
                 TransformerWrapper(exclude=None,
                                    include=['Tipo_Trabajo_ENC',
                                             'Estado_Civil_ENC', 'mora',
                                             'Vivienda', 'Consumo',
                                             'Contacto_ENC', 'Dias_Ultima_Camp',
                                             'No_Contactos', 'emp_var_rate',
                                             'cons_price_idx', 'cons_conf_idx',
                                             'euribor3m'],
                                    transformer=SimpleImputer(add_indicator=False,
                                                              copy=True,
                                                              fill_value=...
                ('categorical_imputer',
                 TransformerWrapper(exclude=None, include=[],
                                    transformer=SimpleImputer(add_indicator=False,
                                                              copy=True,
                                                              fill_value=None,
                                                              keep_empty_features=False,
                                                              missing_values=nan,
                                                              strategy='most_frequent'))),
                ('actual_estimator',
                 AdaBoostClassifier(algorithm='SAMME.R', estimator=None,
                                    learning_rate=1.0, n_estimators=50,
                                    random_state=1352))],
         verbose=False), model_name=D:/Proyectos/Pruebas técnicas/Banco de Bogotá/data/salida/ADA_model_08-05-2024, prep_pipe_=Pipeline(memory=FastMemory(location=C:\Users\almontao\AppData\Local\Temp\joblib),
         steps=[('numerical_imputer',
                 TransformerWrapper(exclude=None,
                                    include=['Tipo_Trabajo_ENC',
                                             'Estado_Civil_ENC', 'mora',
                                             'Vivienda', 'Consumo',
                                             'Contacto_ENC', 'Dias_Ultima_Camp',
                                             'No_Contactos', 'emp_var_rate',
                                             'cons_price_idx', 'cons_conf_idx',
                                             'euribor3m'],
                                    transformer=SimpleImputer(add_indicator=False,
                                                              copy=True,
                                                              fill_value=None,
                                                              keep_empty_features=False,
                                                              missing_values=nan,
                                                              strategy='mean'))),
                ('categorical_imputer',
                 TransformerWrapper(exclude=None, include=[],
                                    transformer=SimpleImputer(add_indicator=False,
                                                              copy=True,
                                                              fill_value=None,
                                                              keep_empty_features=False,
                                                              missing_values=nan,
                                                              strategy='most_frequent')))],
         verbose=False), verbose=True, use_case=MLUsecase.CLASSIFICATION, kwargs={})
2024-05-08 04:35:52,156:INFO:Adding model into prep_pipe
2024-05-08 04:35:52,156:WARNING:Only Model saved as it was a pipeline.
2024-05-08 04:35:52,172:INFO:D:/Proyectos/Pruebas técnicas/Banco de Bogotá/data/salida/ADA_model_08-05-2024.pkl saved in current working directory
2024-05-08 04:35:52,189:INFO:Pipeline(memory=Memory(location=None),
         steps=[('numerical_imputer',
                 TransformerWrapper(exclude=None,
                                    include=['Tipo_Trabajo_ENC',
                                             'Estado_Civil_ENC', 'mora',
                                             'Vivienda', 'Consumo',
                                             'Contacto_ENC', 'Dias_Ultima_Camp',
                                             'No_Contactos', 'emp_var_rate',
                                             'cons_price_idx', 'cons_conf_idx',
                                             'euribor3m'],
                                    transformer=SimpleImputer(add_indicator=False,
                                                              copy=True,
                                                              fill_value=...
                ('categorical_imputer',
                 TransformerWrapper(exclude=None, include=[],
                                    transformer=SimpleImputer(add_indicator=False,
                                                              copy=True,
                                                              fill_value=None,
                                                              keep_empty_features=False,
                                                              missing_values=nan,
                                                              strategy='most_frequent'))),
                ('actual_estimator',
                 AdaBoostClassifier(algorithm='SAMME.R', estimator=None,
                                    learning_rate=1.0, n_estimators=50,
                                    random_state=1352))],
         verbose=False)
2024-05-08 04:35:52,189:INFO:save_model() successfully completed......................................
2024-05-08 04:35:52,256:INFO:Initializing load_model()
2024-05-08 04:35:52,256:INFO:load_model(model_name=D:/Proyectos/Pruebas técnicas/Banco de Bogotá/data/salida/ADA_model_08-05-2024, platform=None, authentication=None, verbose=True)
2024-05-08 04:35:52,272:INFO:Initializing predict_model()
2024-05-08 04:35:52,272:INFO:predict_model(self=<pycaret.classification.oop.ClassificationExperiment object at 0x000001FED2E3CFA0>, estimator=Pipeline(memory=FastMemory(location=C:\Users\almontao\AppData\Local\Temp\joblib),
         steps=[('numerical_imputer',
                 TransformerWrapper(exclude=None,
                                    include=['Tipo_Trabajo_ENC',
                                             'Estado_Civil_ENC', 'mora',
                                             'Vivienda', 'Consumo',
                                             'Contacto_ENC', 'Dias_Ultima_Camp',
                                             'No_Contactos', 'emp_var_rate',
                                             'cons_price_idx', 'cons_conf_idx',
                                             'euribor3m'],
                                    transformer=SimpleImpute...
                ('categorical_imputer',
                 TransformerWrapper(exclude=None, include=[],
                                    transformer=SimpleImputer(add_indicator=False,
                                                              copy=True,
                                                              fill_value=None,
                                                              keep_empty_features=False,
                                                              missing_values=nan,
                                                              strategy='most_frequent'))),
                ('actual_estimator',
                 AdaBoostClassifier(algorithm='SAMME.R', estimator=None,
                                    learning_rate=1.0, n_estimators=50,
                                    random_state=1352))],
         verbose=False), probability_threshold=None, encoded_labels=False, raw_score=False, round=4, verbose=True, ml_usecase=None, preprocess=True, encode_labels=<function _SupervisedExperiment.predict_model.<locals>.encode_labels at 0x000001FED7A6F160>)
2024-05-08 04:35:52,272:INFO:Checking exceptions
2024-05-08 04:35:52,272:INFO:Preloading libraries
2024-05-08 04:35:52,272:INFO:Set up data.
2024-05-08 04:35:52,289:INFO:Set up index.
2024-05-08 05:34:27,720:WARNING:
'cuml' is a soft dependency and not included in the pycaret installation. Please run: `pip install cuml` to install.
2024-05-08 05:34:27,720:WARNING:
'cuml' is a soft dependency and not included in the pycaret installation. Please run: `pip install cuml` to install.
2024-05-08 05:34:27,720:WARNING:
'cuml' is a soft dependency and not included in the pycaret installation. Please run: `pip install cuml` to install.
2024-05-08 05:34:27,720:WARNING:
'cuml' is a soft dependency and not included in the pycaret installation. Please run: `pip install cuml` to install.
2024-05-08 05:34:29,683:INFO:PyCaret ClassificationExperiment
2024-05-08 05:34:29,683:INFO:Logging name: clf-default-name
2024-05-08 05:34:29,683:INFO:ML Usecase: MLUsecase.CLASSIFICATION
2024-05-08 05:34:29,683:INFO:version 3.3.2
2024-05-08 05:34:29,683:INFO:Initializing setup()
2024-05-08 05:34:29,683:INFO:self.USI: 9548
2024-05-08 05:34:29,683:INFO:self._variable_keys: {'fold_shuffle_param', 'n_jobs_param', 'X', 'exp_name_log', 'y_train', 'y_test', 'X_test', 'target_param', 'html_param', 'USI', '_available_plots', 'X_train', 'logging_param', 'is_multiclass', 'fold_generator', 'fold_groups_param', 'exp_id', 'fix_imbalance', 'gpu_n_jobs_param', '_ml_usecase', 'idx', 'memory', 'gpu_param', 'y', 'data', 'log_plots_param', 'pipeline', 'seed'}
2024-05-08 05:34:29,683:INFO:Checking environment
2024-05-08 05:34:29,683:INFO:python_version: 3.9.13
2024-05-08 05:34:29,683:INFO:python_build: ('tags/v3.9.13:6de2ca5', 'May 17 2022 16:36:42')
2024-05-08 05:34:29,683:INFO:machine: AMD64
2024-05-08 05:34:29,683:INFO:platform: Windows-10-10.0.22631-SP0
2024-05-08 05:34:29,683:INFO:Memory: svmem(total=68580765696, available=56405606400, percent=17.8, used=12175159296, free=56405606400)
2024-05-08 05:34:29,683:INFO:Physical Core: 8
2024-05-08 05:34:29,683:INFO:Logical Core: 16
2024-05-08 05:34:29,683:INFO:Checking libraries
2024-05-08 05:34:29,683:INFO:System:
2024-05-08 05:34:29,683:INFO:    python: 3.9.13 (tags/v3.9.13:6de2ca5, May 17 2022, 16:36:42) [MSC v.1929 64 bit (AMD64)]
2024-05-08 05:34:29,683:INFO:executable: D:\Proyectos\Pruebas técnicas\Banco de Bogotá\venv\Scripts\python.exe
2024-05-08 05:34:29,683:INFO:   machine: Windows-10-10.0.22631-SP0
2024-05-08 05:34:29,683:INFO:PyCaret required dependencies:
2024-05-08 05:34:30,311:INFO:                 pip: 24.0
2024-05-08 05:34:30,311:INFO:          setuptools: 58.1.0
2024-05-08 05:34:30,311:INFO:             pycaret: 3.3.2
2024-05-08 05:34:30,311:INFO:             IPython: 8.18.1
2024-05-08 05:34:30,311:INFO:          ipywidgets: 8.1.2
2024-05-08 05:34:30,311:INFO:                tqdm: 4.66.2
2024-05-08 05:34:30,311:INFO:               numpy: 1.26.4
2024-05-08 05:34:30,311:INFO:              pandas: 2.1.4
2024-05-08 05:34:30,311:INFO:              jinja2: 3.1.3
2024-05-08 05:34:30,311:INFO:               scipy: 1.11.4
2024-05-08 05:34:30,311:INFO:              joblib: 1.3.2
2024-05-08 05:34:30,311:INFO:             sklearn: 1.4.2
2024-05-08 05:34:30,311:INFO:                pyod: 1.1.3
2024-05-08 05:34:30,311:INFO:            imblearn: 0.12.2
2024-05-08 05:34:30,311:INFO:   category_encoders: 2.6.3
2024-05-08 05:34:30,311:INFO:            lightgbm: 4.3.0
2024-05-08 05:34:30,311:INFO:               numba: 0.59.1
2024-05-08 05:34:30,311:INFO:            requests: 2.31.0
2024-05-08 05:34:30,311:INFO:          matplotlib: 3.6.0
2024-05-08 05:34:30,311:INFO:          scikitplot: 0.3.7
2024-05-08 05:34:30,311:INFO:         yellowbrick: 1.5
2024-05-08 05:34:30,311:INFO:              plotly: 5.22.0
2024-05-08 05:34:30,311:INFO:    plotly-resampler: Not installed
2024-05-08 05:34:30,311:INFO:             kaleido: 0.2.1
2024-05-08 05:34:30,311:INFO:           schemdraw: 0.15
2024-05-08 05:34:30,311:INFO:         statsmodels: 0.14.2
2024-05-08 05:34:30,311:INFO:              sktime: 0.26.0
2024-05-08 05:34:30,311:INFO:               tbats: 1.1.3
2024-05-08 05:34:30,311:INFO:            pmdarima: 2.0.4
2024-05-08 05:34:30,311:INFO:              psutil: 5.9.8
2024-05-08 05:34:30,311:INFO:          markupsafe: 2.1.5
2024-05-08 05:34:30,311:INFO:             pickle5: Not installed
2024-05-08 05:34:30,311:INFO:         cloudpickle: 3.0.0
2024-05-08 05:34:30,311:INFO:         deprecation: 2.1.0
2024-05-08 05:34:30,311:INFO:              xxhash: 3.4.1
2024-05-08 05:34:30,311:INFO:           wurlitzer: Not installed
2024-05-08 05:34:30,311:INFO:PyCaret optional dependencies:
2024-05-08 05:34:30,863:INFO:                shap: 0.44.1
2024-05-08 05:34:30,863:INFO:           interpret: 0.6.1
2024-05-08 05:34:30,863:INFO:                umap: 0.5.6
2024-05-08 05:34:30,863:INFO:     ydata_profiling: 4.7.0
2024-05-08 05:34:30,863:INFO:  explainerdashboard: 0.4.7
2024-05-08 05:34:30,863:INFO:             autoviz: Not installed
2024-05-08 05:34:30,863:INFO:           fairlearn: 0.7.0
2024-05-08 05:34:30,863:INFO:          deepchecks: Not installed
2024-05-08 05:34:30,863:INFO:             xgboost: 2.0.3
2024-05-08 05:34:30,863:INFO:            catboost: 1.2.5
2024-05-08 05:34:30,863:INFO:              kmodes: 0.12.2
2024-05-08 05:34:30,863:INFO:             mlxtend: 0.23.1
2024-05-08 05:34:30,863:INFO:       statsforecast: 1.5.0
2024-05-08 05:34:30,863:INFO:        tune_sklearn: Not installed
2024-05-08 05:34:30,863:INFO:                 ray: Not installed
2024-05-08 05:34:30,863:INFO:            hyperopt: 0.2.7
2024-05-08 05:34:30,863:INFO:              optuna: 3.6.1
2024-05-08 05:34:30,863:INFO:               skopt: 0.10.1
2024-05-08 05:34:30,863:INFO:              mlflow: 2.12.1
2024-05-08 05:34:30,863:INFO:              gradio: Not installed
2024-05-08 05:34:30,863:INFO:             fastapi: Not installed
2024-05-08 05:34:30,863:INFO:             uvicorn: 0.29.0
2024-05-08 05:34:30,863:INFO:              m2cgen: 0.10.0
2024-05-08 05:34:30,863:INFO:           evidently: 0.4.19
2024-05-08 05:34:30,863:INFO:               fugue: 0.8.7
2024-05-08 05:34:30,863:INFO:           streamlit: Not installed
2024-05-08 05:34:30,863:INFO:             prophet: Not installed
2024-05-08 05:34:30,863:INFO:None
2024-05-08 05:34:30,863:INFO:Set up data.
2024-05-08 05:34:30,879:INFO:Set up folding strategy.
2024-05-08 05:34:30,879:INFO:Set up train/test split.
2024-05-08 05:34:30,886:INFO:Set up index.
2024-05-08 05:34:30,886:INFO:Assigning column types.
2024-05-08 05:34:30,892:INFO:Engine successfully changes for model 'lr' to 'sklearn'.
2024-05-08 05:34:30,913:INFO:Engine for model 'knn' has not been set explicitly, hence returning None.
2024-05-08 05:34:30,913:INFO:Engine for model 'rbfsvm' has not been set explicitly, hence returning None.
2024-05-08 05:34:30,945:INFO:Soft dependency imported: xgboost: 2.0.3
2024-05-08 05:34:30,945:INFO:Soft dependency imported: catboost: 1.2.5
2024-05-08 05:34:30,991:INFO:Engine for model 'knn' has not been set explicitly, hence returning None.
2024-05-08 05:34:30,991:INFO:Engine for model 'rbfsvm' has not been set explicitly, hence returning None.
2024-05-08 05:34:31,023:INFO:Soft dependency imported: xgboost: 2.0.3
2024-05-08 05:34:31,023:INFO:Soft dependency imported: catboost: 1.2.5
2024-05-08 05:34:31,023:INFO:Engine successfully changes for model 'knn' to 'sklearn'.
2024-05-08 05:34:31,067:INFO:Engine for model 'rbfsvm' has not been set explicitly, hence returning None.
2024-05-08 05:34:31,088:INFO:Soft dependency imported: xgboost: 2.0.3
2024-05-08 05:34:31,091:INFO:Soft dependency imported: catboost: 1.2.5
2024-05-08 05:34:31,127:INFO:Engine for model 'rbfsvm' has not been set explicitly, hence returning None.
2024-05-08 05:34:31,142:INFO:Soft dependency imported: xgboost: 2.0.3
2024-05-08 05:34:31,142:INFO:Soft dependency imported: catboost: 1.2.5
2024-05-08 05:34:31,142:INFO:Engine successfully changes for model 'rbfsvm' to 'sklearn'.
2024-05-08 05:34:31,213:INFO:Soft dependency imported: xgboost: 2.0.3
2024-05-08 05:34:31,215:INFO:Soft dependency imported: catboost: 1.2.5
2024-05-08 05:34:31,274:INFO:Soft dependency imported: xgboost: 2.0.3
2024-05-08 05:34:31,274:INFO:Soft dependency imported: catboost: 1.2.5
2024-05-08 05:34:31,274:INFO:Preparing preprocessing pipeline...
2024-05-08 05:34:31,282:INFO:Set up simple imputation.
2024-05-08 05:34:31,298:INFO:Finished creating preprocessing pipeline.
2024-05-08 05:34:31,298:INFO:Pipeline: Pipeline(memory=FastMemory(location=C:\Users\almontao\AppData\Local\Temp\joblib),
         steps=[('numerical_imputer',
                 TransformerWrapper(exclude=None,
                                    include=['Tipo_Trabajo_ENC',
                                             'Estado_Civil_ENC', 'mora',
                                             'Vivienda', 'Consumo',
                                             'Contacto_ENC', 'Dias_Ultima_Camp',
                                             'No_Contactos', 'emp_var_rate',
                                             'cons_price_idx', 'cons_conf_idx',
                                             'euribor3m'],
                                    transformer=SimpleImputer(add_indicator=False,
                                                              copy=True,
                                                              fill_value=None,
                                                              keep_empty_features=False,
                                                              missing_values=nan,
                                                              strategy='mean'))),
                ('categorical_imputer',
                 TransformerWrapper(exclude=None, include=[],
                                    transformer=SimpleImputer(add_indicator=False,
                                                              copy=True,
                                                              fill_value=None,
                                                              keep_empty_features=False,
                                                              missing_values=nan,
                                                              strategy='most_frequent')))],
         verbose=False)
2024-05-08 05:34:31,298:INFO:Creating final display dataframe.
2024-05-08 05:34:31,376:INFO:Setup _display_container:                     Description             Value
0                    Session id              3364
1                        Target                 y
2                   Target type            Binary
3           Original data shape       (18479, 13)
4        Transformed data shape       (18479, 13)
5   Transformed train set shape       (12935, 13)
6    Transformed test set shape        (5544, 13)
7              Numeric features                12
8                    Preprocess              True
9               Imputation type            simple
10           Numeric imputation              mean
11       Categorical imputation              mode
12               Fold Generator   StratifiedKFold
13                  Fold Number                10
14                     CPU Jobs                -1
15                      Use GPU             False
16               Log Experiment             False
17              Experiment Name  clf-default-name
18                          USI              9548
2024-05-08 05:34:31,430:INFO:Soft dependency imported: xgboost: 2.0.3
2024-05-08 05:34:31,430:INFO:Soft dependency imported: catboost: 1.2.5
2024-05-08 05:34:31,498:INFO:Soft dependency imported: xgboost: 2.0.3
2024-05-08 05:34:31,500:INFO:Soft dependency imported: catboost: 1.2.5
2024-05-08 05:34:31,501:INFO:setup() successfully completed in 1.82s...............
2024-05-08 05:34:31,501:INFO:Initializing compare_models()
2024-05-08 05:34:31,501:INFO:compare_models(self=<pycaret.classification.oop.ClassificationExperiment object at 0x00000168B8B01FA0>, include=None, fold=None, round=4, cross_validation=True, sort=Accuracy, n_select=1, budget_time=None, turbo=True, errors=ignore, fit_kwargs=None, groups=None, experiment_custom_tags=None, probability_threshold=None, verbose=True, parallel=None, caller_params={'self': <pycaret.classification.oop.ClassificationExperiment object at 0x00000168B8B01FA0>, 'include': None, 'exclude': None, 'fold': None, 'round': 4, 'cross_validation': True, 'sort': 'Accuracy', 'n_select': 1, 'budget_time': None, 'turbo': True, 'errors': 'ignore', 'fit_kwargs': None, 'groups': None, 'experiment_custom_tags': None, 'probability_threshold': None, 'engine': None, 'verbose': True, 'parallel': None, '__class__': <class 'pycaret.classification.oop.ClassificationExperiment'>}, exclude=None)
2024-05-08 05:34:31,501:INFO:Checking exceptions
2024-05-08 05:34:31,506:INFO:Preparing display monitor
2024-05-08 05:34:31,509:INFO:Initializing Logistic Regression
2024-05-08 05:34:31,509:INFO:Total runtime is 0.0 minutes
2024-05-08 05:34:31,509:INFO:SubProcess create_model() called ==================================
2024-05-08 05:34:31,509:INFO:Initializing create_model()
2024-05-08 05:34:31,509:INFO:create_model(self=<pycaret.classification.oop.ClassificationExperiment object at 0x00000168B8B01FA0>, estimator=lr, fold=StratifiedKFold(n_splits=10, random_state=None, shuffle=False), round=4, cross_validation=True, predict=True, fit_kwargs={}, groups=None, refit=False, probability_threshold=None, experiment_custom_tags=None, verbose=False, system=False, add_to_model_list=True, metrics=None, display=<pycaret.internal.display.display.CommonDisplay object at 0x00000168BCFDBC40>, model_only=True, return_train_score=False, error_score=0.0, kwargs={})
2024-05-08 05:34:31,509:INFO:Checking exceptions
2024-05-08 05:34:31,509:INFO:Importing libraries
2024-05-08 05:34:31,509:INFO:Copying training dataset
2024-05-08 05:34:31,514:INFO:Defining folds
2024-05-08 05:34:31,514:INFO:Declaring metric variables
2024-05-08 05:34:31,514:INFO:Importing untrained model
2024-05-08 05:34:31,514:INFO:Logistic Regression Imported successfully
2024-05-08 05:34:31,514:INFO:Starting cross validation
2024-05-08 05:34:31,514:INFO:Cross validating with StratifiedKFold(n_splits=10, random_state=None, shuffle=False), n_jobs=-1
2024-05-08 05:34:36,159:WARNING:D:\Proyectos\Pruebas técnicas\Banco de Bogotá\venv\lib\site-packages\sklearn\linear_model\_logistic.py:469: ConvergenceWarning: lbfgs failed to converge (status=1):
STOP: TOTAL NO. of ITERATIONS REACHED LIMIT.

Increase the number of iterations (max_iter) or scale the data as shown in:
    https://scikit-learn.org/stable/modules/preprocessing.html
Please also refer to the documentation for alternative solver options:
    https://scikit-learn.org/stable/modules/linear_model.html#logistic-regression
  n_iter_i = _check_optimize_result(

2024-05-08 05:34:36,159:WARNING:D:\Proyectos\Pruebas técnicas\Banco de Bogotá\venv\lib\site-packages\sklearn\linear_model\_logistic.py:469: ConvergenceWarning: lbfgs failed to converge (status=1):
STOP: TOTAL NO. of ITERATIONS REACHED LIMIT.

Increase the number of iterations (max_iter) or scale the data as shown in:
    https://scikit-learn.org/stable/modules/preprocessing.html
Please also refer to the documentation for alternative solver options:
    https://scikit-learn.org/stable/modules/linear_model.html#logistic-regression
  n_iter_i = _check_optimize_result(

2024-05-08 05:34:36,200:WARNING:D:\Proyectos\Pruebas técnicas\Banco de Bogotá\venv\lib\site-packages\sklearn\linear_model\_logistic.py:469: ConvergenceWarning: lbfgs failed to converge (status=1):
STOP: TOTAL NO. of ITERATIONS REACHED LIMIT.

Increase the number of iterations (max_iter) or scale the data as shown in:
    https://scikit-learn.org/stable/modules/preprocessing.html
Please also refer to the documentation for alternative solver options:
    https://scikit-learn.org/stable/modules/linear_model.html#logistic-regression
  n_iter_i = _check_optimize_result(

2024-05-08 05:34:36,210:WARNING:D:\Proyectos\Pruebas técnicas\Banco de Bogotá\venv\lib\site-packages\sklearn\linear_model\_logistic.py:469: ConvergenceWarning: lbfgs failed to converge (status=1):
STOP: TOTAL NO. of ITERATIONS REACHED LIMIT.

Increase the number of iterations (max_iter) or scale the data as shown in:
    https://scikit-learn.org/stable/modules/preprocessing.html
Please also refer to the documentation for alternative solver options:
    https://scikit-learn.org/stable/modules/linear_model.html#logistic-regression
  n_iter_i = _check_optimize_result(

2024-05-08 05:34:36,234:WARNING:D:\Proyectos\Pruebas técnicas\Banco de Bogotá\venv\lib\site-packages\sklearn\linear_model\_logistic.py:469: ConvergenceWarning: lbfgs failed to converge (status=1):
STOP: TOTAL NO. of ITERATIONS REACHED LIMIT.

Increase the number of iterations (max_iter) or scale the data as shown in:
    https://scikit-learn.org/stable/modules/preprocessing.html
Please also refer to the documentation for alternative solver options:
    https://scikit-learn.org/stable/modules/linear_model.html#logistic-regression
  n_iter_i = _check_optimize_result(

2024-05-08 05:34:36,250:WARNING:D:\Proyectos\Pruebas técnicas\Banco de Bogotá\venv\lib\site-packages\sklearn\linear_model\_logistic.py:469: ConvergenceWarning: lbfgs failed to converge (status=1):
STOP: TOTAL NO. of ITERATIONS REACHED LIMIT.

Increase the number of iterations (max_iter) or scale the data as shown in:
    https://scikit-learn.org/stable/modules/preprocessing.html
Please also refer to the documentation for alternative solver options:
    https://scikit-learn.org/stable/modules/linear_model.html#logistic-regression
  n_iter_i = _check_optimize_result(

2024-05-08 05:34:36,281:WARNING:D:\Proyectos\Pruebas técnicas\Banco de Bogotá\venv\lib\site-packages\sklearn\linear_model\_logistic.py:469: ConvergenceWarning: lbfgs failed to converge (status=1):
STOP: TOTAL NO. of ITERATIONS REACHED LIMIT.

Increase the number of iterations (max_iter) or scale the data as shown in:
    https://scikit-learn.org/stable/modules/preprocessing.html
Please also refer to the documentation for alternative solver options:
    https://scikit-learn.org/stable/modules/linear_model.html#logistic-regression
  n_iter_i = _check_optimize_result(

2024-05-08 05:34:36,312:INFO:Calculating mean and std
2024-05-08 05:34:36,312:INFO:Creating metrics dataframe
2024-05-08 05:34:36,312:INFO:Uploading results into container
2024-05-08 05:34:36,312:INFO:Uploading model into container now
2024-05-08 05:34:36,312:INFO:_master_model_container: 1
2024-05-08 05:34:36,312:INFO:_display_container: 2
2024-05-08 05:34:36,312:INFO:LogisticRegression(C=1.0, class_weight=None, dual=False, fit_intercept=True,
                   intercept_scaling=1, l1_ratio=None, max_iter=1000,
                   multi_class='auto', n_jobs=None, penalty='l2',
                   random_state=3364, solver='lbfgs', tol=0.0001, verbose=0,
                   warm_start=False)
2024-05-08 05:34:36,312:INFO:create_model() successfully completed......................................
2024-05-08 05:34:36,386:INFO:SubProcess create_model() end ==================================
2024-05-08 05:34:36,386:INFO:Creating metrics dataframe
2024-05-08 05:34:36,388:INFO:Initializing K Neighbors Classifier
2024-05-08 05:34:36,388:INFO:Total runtime is 0.08131610155105591 minutes
2024-05-08 05:34:36,388:INFO:SubProcess create_model() called ==================================
2024-05-08 05:34:36,389:INFO:Initializing create_model()
2024-05-08 05:34:36,389:INFO:create_model(self=<pycaret.classification.oop.ClassificationExperiment object at 0x00000168B8B01FA0>, estimator=knn, fold=StratifiedKFold(n_splits=10, random_state=None, shuffle=False), round=4, cross_validation=True, predict=True, fit_kwargs={}, groups=None, refit=False, probability_threshold=None, experiment_custom_tags=None, verbose=False, system=False, add_to_model_list=True, metrics=None, display=<pycaret.internal.display.display.CommonDisplay object at 0x00000168BCFDBC40>, model_only=True, return_train_score=False, error_score=0.0, kwargs={})
2024-05-08 05:34:36,389:INFO:Checking exceptions
2024-05-08 05:34:36,389:INFO:Importing libraries
2024-05-08 05:34:36,389:INFO:Copying training dataset
2024-05-08 05:34:36,396:INFO:Defining folds
2024-05-08 05:34:36,396:INFO:Declaring metric variables
2024-05-08 05:34:36,396:INFO:Importing untrained model
2024-05-08 05:34:36,397:INFO:K Neighbors Classifier Imported successfully
2024-05-08 05:34:36,397:INFO:Starting cross validation
2024-05-08 05:34:36,397:INFO:Cross validating with StratifiedKFold(n_splits=10, random_state=None, shuffle=False), n_jobs=-1
2024-05-08 05:34:39,370:INFO:Calculating mean and std
2024-05-08 05:34:39,371:INFO:Creating metrics dataframe
2024-05-08 05:34:39,371:INFO:Uploading results into container
2024-05-08 05:34:39,371:INFO:Uploading model into container now
2024-05-08 05:34:39,371:INFO:_master_model_container: 2
2024-05-08 05:34:39,371:INFO:_display_container: 2
2024-05-08 05:34:39,371:INFO:KNeighborsClassifier(algorithm='auto', leaf_size=30, metric='minkowski',
                     metric_params=None, n_jobs=-1, n_neighbors=5, p=2,
                     weights='uniform')
2024-05-08 05:34:39,371:INFO:create_model() successfully completed......................................
2024-05-08 05:34:39,457:INFO:SubProcess create_model() end ==================================
2024-05-08 05:34:39,457:INFO:Creating metrics dataframe
2024-05-08 05:34:39,459:INFO:Initializing Naive Bayes
2024-05-08 05:34:39,459:INFO:Total runtime is 0.13250048955281576 minutes
2024-05-08 05:34:39,459:INFO:SubProcess create_model() called ==================================
2024-05-08 05:34:39,459:INFO:Initializing create_model()
2024-05-08 05:34:39,459:INFO:create_model(self=<pycaret.classification.oop.ClassificationExperiment object at 0x00000168B8B01FA0>, estimator=nb, fold=StratifiedKFold(n_splits=10, random_state=None, shuffle=False), round=4, cross_validation=True, predict=True, fit_kwargs={}, groups=None, refit=False, probability_threshold=None, experiment_custom_tags=None, verbose=False, system=False, add_to_model_list=True, metrics=None, display=<pycaret.internal.display.display.CommonDisplay object at 0x00000168BCFDBC40>, model_only=True, return_train_score=False, error_score=0.0, kwargs={})
2024-05-08 05:34:39,459:INFO:Checking exceptions
2024-05-08 05:34:39,460:INFO:Importing libraries
2024-05-08 05:34:39,460:INFO:Copying training dataset
2024-05-08 05:34:39,467:INFO:Defining folds
2024-05-08 05:34:39,467:INFO:Declaring metric variables
2024-05-08 05:34:39,467:INFO:Importing untrained model
2024-05-08 05:34:39,467:INFO:Naive Bayes Imported successfully
2024-05-08 05:34:39,468:INFO:Starting cross validation
2024-05-08 05:34:39,468:INFO:Cross validating with StratifiedKFold(n_splits=10, random_state=None, shuffle=False), n_jobs=-1
2024-05-08 05:34:39,535:INFO:Calculating mean and std
2024-05-08 05:34:39,535:INFO:Creating metrics dataframe
2024-05-08 05:34:39,535:INFO:Uploading results into container
2024-05-08 05:34:39,535:INFO:Uploading model into container now
2024-05-08 05:34:39,535:INFO:_master_model_container: 3
2024-05-08 05:34:39,535:INFO:_display_container: 2
2024-05-08 05:34:39,535:INFO:GaussianNB(priors=None, var_smoothing=1e-09)
2024-05-08 05:34:39,535:INFO:create_model() successfully completed......................................
2024-05-08 05:34:39,669:INFO:SubProcess create_model() end ==================================
2024-05-08 05:34:39,669:INFO:Creating metrics dataframe
2024-05-08 05:34:39,669:INFO:Initializing Decision Tree Classifier
2024-05-08 05:34:39,669:INFO:Total runtime is 0.1360128959019979 minutes
2024-05-08 05:34:39,669:INFO:SubProcess create_model() called ==================================
2024-05-08 05:34:39,669:INFO:Initializing create_model()
2024-05-08 05:34:39,669:INFO:create_model(self=<pycaret.classification.oop.ClassificationExperiment object at 0x00000168B8B01FA0>, estimator=dt, fold=StratifiedKFold(n_splits=10, random_state=None, shuffle=False), round=4, cross_validation=True, predict=True, fit_kwargs={}, groups=None, refit=False, probability_threshold=None, experiment_custom_tags=None, verbose=False, system=False, add_to_model_list=True, metrics=None, display=<pycaret.internal.display.display.CommonDisplay object at 0x00000168BCFDBC40>, model_only=True, return_train_score=False, error_score=0.0, kwargs={})
2024-05-08 05:34:39,669:INFO:Checking exceptions
2024-05-08 05:34:39,669:INFO:Importing libraries
2024-05-08 05:34:39,669:INFO:Copying training dataset
2024-05-08 05:34:39,685:INFO:Defining folds
2024-05-08 05:34:39,685:INFO:Declaring metric variables
2024-05-08 05:34:39,685:INFO:Importing untrained model
2024-05-08 05:34:39,685:INFO:Decision Tree Classifier Imported successfully
2024-05-08 05:34:39,685:INFO:Starting cross validation
2024-05-08 05:34:39,685:INFO:Cross validating with StratifiedKFold(n_splits=10, random_state=None, shuffle=False), n_jobs=-1
2024-05-08 05:34:39,788:INFO:Calculating mean and std
2024-05-08 05:34:39,788:INFO:Creating metrics dataframe
2024-05-08 05:34:39,788:INFO:Uploading results into container
2024-05-08 05:34:39,788:INFO:Uploading model into container now
2024-05-08 05:34:39,788:INFO:_master_model_container: 4
2024-05-08 05:34:39,788:INFO:_display_container: 2
2024-05-08 05:34:39,788:INFO:DecisionTreeClassifier(ccp_alpha=0.0, class_weight=None, criterion='gini',
                       max_depth=None, max_features=None, max_leaf_nodes=None,
                       min_impurity_decrease=0.0, min_samples_leaf=1,
                       min_samples_split=2, min_weight_fraction_leaf=0.0,
                       monotonic_cst=None, random_state=3364, splitter='best')
2024-05-08 05:34:39,788:INFO:create_model() successfully completed......................................
2024-05-08 05:34:39,865:INFO:SubProcess create_model() end ==================================
2024-05-08 05:34:39,865:INFO:Creating metrics dataframe
2024-05-08 05:34:39,867:INFO:Initializing SVM - Linear Kernel
2024-05-08 05:34:39,867:INFO:Total runtime is 0.13930140733718874 minutes
2024-05-08 05:34:39,867:INFO:SubProcess create_model() called ==================================
2024-05-08 05:34:39,867:INFO:Initializing create_model()
2024-05-08 05:34:39,867:INFO:create_model(self=<pycaret.classification.oop.ClassificationExperiment object at 0x00000168B8B01FA0>, estimator=svm, fold=StratifiedKFold(n_splits=10, random_state=None, shuffle=False), round=4, cross_validation=True, predict=True, fit_kwargs={}, groups=None, refit=False, probability_threshold=None, experiment_custom_tags=None, verbose=False, system=False, add_to_model_list=True, metrics=None, display=<pycaret.internal.display.display.CommonDisplay object at 0x00000168BCFDBC40>, model_only=True, return_train_score=False, error_score=0.0, kwargs={})
2024-05-08 05:34:39,867:INFO:Checking exceptions
2024-05-08 05:34:39,867:INFO:Importing libraries
2024-05-08 05:34:39,867:INFO:Copying training dataset
2024-05-08 05:34:39,874:INFO:Defining folds
2024-05-08 05:34:39,875:INFO:Declaring metric variables
2024-05-08 05:34:39,876:INFO:Importing untrained model
2024-05-08 05:34:39,876:INFO:SVM - Linear Kernel Imported successfully
2024-05-08 05:34:39,876:INFO:Starting cross validation
2024-05-08 05:34:39,876:INFO:Cross validating with StratifiedKFold(n_splits=10, random_state=None, shuffle=False), n_jobs=-1
2024-05-08 05:34:40,014:WARNING:D:\Proyectos\Pruebas técnicas\Banco de Bogotá\venv\lib\site-packages\sklearn\metrics\_classification.py:1509: UndefinedMetricWarning: Precision is ill-defined and being set to 0.0 due to no predicted samples. Use `zero_division` parameter to control this behavior.
  _warn_prf(average, modifier, f"{metric.capitalize()} is", len(result))

2024-05-08 05:34:40,061:WARNING:D:\Proyectos\Pruebas técnicas\Banco de Bogotá\venv\lib\site-packages\sklearn\metrics\_classification.py:1509: UndefinedMetricWarning: Precision is ill-defined and being set to 0.0 due to no predicted samples. Use `zero_division` parameter to control this behavior.
  _warn_prf(average, modifier, f"{metric.capitalize()} is", len(result))

2024-05-08 05:34:40,076:WARNING:D:\Proyectos\Pruebas técnicas\Banco de Bogotá\venv\lib\site-packages\sklearn\metrics\_classification.py:1509: UndefinedMetricWarning: Precision is ill-defined and being set to 0.0 due to no predicted samples. Use `zero_division` parameter to control this behavior.
  _warn_prf(average, modifier, f"{metric.capitalize()} is", len(result))

2024-05-08 05:34:40,076:WARNING:D:\Proyectos\Pruebas técnicas\Banco de Bogotá\venv\lib\site-packages\sklearn\metrics\_classification.py:1509: UndefinedMetricWarning: Precision is ill-defined and being set to 0.0 due to no predicted samples. Use `zero_division` parameter to control this behavior.
  _warn_prf(average, modifier, f"{metric.capitalize()} is", len(result))

2024-05-08 05:34:40,076:WARNING:D:\Proyectos\Pruebas técnicas\Banco de Bogotá\venv\lib\site-packages\sklearn\metrics\_classification.py:1509: UndefinedMetricWarning: Precision is ill-defined and being set to 0.0 due to no predicted samples. Use `zero_division` parameter to control this behavior.
  _warn_prf(average, modifier, f"{metric.capitalize()} is", len(result))

2024-05-08 05:34:40,092:WARNING:D:\Proyectos\Pruebas técnicas\Banco de Bogotá\venv\lib\site-packages\sklearn\metrics\_classification.py:1509: UndefinedMetricWarning: Precision is ill-defined and being set to 0.0 due to no predicted samples. Use `zero_division` parameter to control this behavior.
  _warn_prf(average, modifier, f"{metric.capitalize()} is", len(result))

2024-05-08 05:34:40,107:WARNING:D:\Proyectos\Pruebas técnicas\Banco de Bogotá\venv\lib\site-packages\sklearn\metrics\_classification.py:1509: UndefinedMetricWarning: Precision is ill-defined and being set to 0.0 due to no predicted samples. Use `zero_division` parameter to control this behavior.
  _warn_prf(average, modifier, f"{metric.capitalize()} is", len(result))

2024-05-08 05:34:40,123:WARNING:D:\Proyectos\Pruebas técnicas\Banco de Bogotá\venv\lib\site-packages\sklearn\metrics\_classification.py:1509: UndefinedMetricWarning: Precision is ill-defined and being set to 0.0 due to no predicted samples. Use `zero_division` parameter to control this behavior.
  _warn_prf(average, modifier, f"{metric.capitalize()} is", len(result))

2024-05-08 05:34:40,123:WARNING:D:\Proyectos\Pruebas técnicas\Banco de Bogotá\venv\lib\site-packages\sklearn\metrics\_classification.py:1509: UndefinedMetricWarning: Precision is ill-defined and being set to 0.0 due to no predicted samples. Use `zero_division` parameter to control this behavior.
  _warn_prf(average, modifier, f"{metric.capitalize()} is", len(result))

2024-05-08 05:34:40,139:WARNING:D:\Proyectos\Pruebas técnicas\Banco de Bogotá\venv\lib\site-packages\sklearn\metrics\_classification.py:1509: UndefinedMetricWarning: Precision is ill-defined and being set to 0.0 due to no predicted samples. Use `zero_division` parameter to control this behavior.
  _warn_prf(average, modifier, f"{metric.capitalize()} is", len(result))

2024-05-08 05:34:40,170:INFO:Calculating mean and std
2024-05-08 05:34:40,170:INFO:Creating metrics dataframe
2024-05-08 05:34:40,170:INFO:Uploading results into container
2024-05-08 05:34:40,170:INFO:Uploading model into container now
2024-05-08 05:34:40,170:INFO:_master_model_container: 5
2024-05-08 05:34:40,170:INFO:_display_container: 2
2024-05-08 05:34:40,170:INFO:SGDClassifier(alpha=0.0001, average=False, class_weight=None,
              early_stopping=False, epsilon=0.1, eta0=0.001, fit_intercept=True,
              l1_ratio=0.15, learning_rate='optimal', loss='hinge',
              max_iter=1000, n_iter_no_change=5, n_jobs=-1, penalty='l2',
              power_t=0.5, random_state=3364, shuffle=True, tol=0.001,
              validation_fraction=0.1, verbose=0, warm_start=False)
2024-05-08 05:34:40,170:INFO:create_model() successfully completed......................................
2024-05-08 05:34:40,237:INFO:SubProcess create_model() end ==================================
2024-05-08 05:34:40,237:INFO:Creating metrics dataframe
2024-05-08 05:34:40,239:INFO:Initializing Ridge Classifier
2024-05-08 05:34:40,239:INFO:Total runtime is 0.14550187985102336 minutes
2024-05-08 05:34:40,239:INFO:SubProcess create_model() called ==================================
2024-05-08 05:34:40,240:INFO:Initializing create_model()
2024-05-08 05:34:40,240:INFO:create_model(self=<pycaret.classification.oop.ClassificationExperiment object at 0x00000168B8B01FA0>, estimator=ridge, fold=StratifiedKFold(n_splits=10, random_state=None, shuffle=False), round=4, cross_validation=True, predict=True, fit_kwargs={}, groups=None, refit=False, probability_threshold=None, experiment_custom_tags=None, verbose=False, system=False, add_to_model_list=True, metrics=None, display=<pycaret.internal.display.display.CommonDisplay object at 0x00000168BCFDBC40>, model_only=True, return_train_score=False, error_score=0.0, kwargs={})
2024-05-08 05:34:40,240:INFO:Checking exceptions
2024-05-08 05:34:40,240:INFO:Importing libraries
2024-05-08 05:34:40,240:INFO:Copying training dataset
2024-05-08 05:34:40,247:INFO:Defining folds
2024-05-08 05:34:40,247:INFO:Declaring metric variables
2024-05-08 05:34:40,247:INFO:Importing untrained model
2024-05-08 05:34:40,247:INFO:Ridge Classifier Imported successfully
2024-05-08 05:34:40,247:INFO:Starting cross validation
2024-05-08 05:34:40,248:INFO:Cross validating with StratifiedKFold(n_splits=10, random_state=None, shuffle=False), n_jobs=-1
2024-05-08 05:34:40,256:WARNING:D:\Proyectos\Pruebas técnicas\Banco de Bogotá\venv\lib\site-packages\sklearn\linear_model\_ridge.py:204: LinAlgWarning: Ill-conditioned matrix (rcond=2.41674e-13): result may not be accurate.
  return linalg.solve(A, Xy, assume_a="pos", overwrite_a=True).T

2024-05-08 05:34:40,272:WARNING:D:\Proyectos\Pruebas técnicas\Banco de Bogotá\venv\lib\site-packages\sklearn\linear_model\_ridge.py:204: LinAlgWarning: Ill-conditioned matrix (rcond=2.39504e-13): result may not be accurate.
  return linalg.solve(A, Xy, assume_a="pos", overwrite_a=True).T

2024-05-08 05:34:40,272:WARNING:D:\Proyectos\Pruebas técnicas\Banco de Bogotá\venv\lib\site-packages\sklearn\linear_model\_ridge.py:204: LinAlgWarning: Ill-conditioned matrix (rcond=2.46164e-13): result may not be accurate.
  return linalg.solve(A, Xy, assume_a="pos", overwrite_a=True).T

2024-05-08 05:34:40,272:WARNING:D:\Proyectos\Pruebas técnicas\Banco de Bogotá\venv\lib\site-packages\sklearn\linear_model\_ridge.py:204: LinAlgWarning: Ill-conditioned matrix (rcond=2.43573e-13): result may not be accurate.
  return linalg.solve(A, Xy, assume_a="pos", overwrite_a=True).T

2024-05-08 05:34:40,272:WARNING:D:\Proyectos\Pruebas técnicas\Banco de Bogotá\venv\lib\site-packages\sklearn\linear_model\_ridge.py:204: LinAlgWarning: Ill-conditioned matrix (rcond=1.20306e-13): result may not be accurate.
  return linalg.solve(A, Xy, assume_a="pos", overwrite_a=True).T

2024-05-08 05:34:40,272:WARNING:D:\Proyectos\Pruebas técnicas\Banco de Bogotá\venv\lib\site-packages\sklearn\linear_model\_ridge.py:204: LinAlgWarning: Ill-conditioned matrix (rcond=2.46611e-13): result may not be accurate.
  return linalg.solve(A, Xy, assume_a="pos", overwrite_a=True).T

2024-05-08 05:34:40,272:WARNING:D:\Proyectos\Pruebas técnicas\Banco de Bogotá\venv\lib\site-packages\sklearn\linear_model\_ridge.py:204: LinAlgWarning: Ill-conditioned matrix (rcond=2.40513e-13): result may not be accurate.
  return linalg.solve(A, Xy, assume_a="pos", overwrite_a=True).T

2024-05-08 05:34:40,287:WARNING:D:\Proyectos\Pruebas técnicas\Banco de Bogotá\venv\lib\site-packages\sklearn\linear_model\_ridge.py:204: LinAlgWarning: Ill-conditioned matrix (rcond=2.46215e-13): result may not be accurate.
  return linalg.solve(A, Xy, assume_a="pos", overwrite_a=True).T

2024-05-08 05:34:40,287:WARNING:D:\Proyectos\Pruebas técnicas\Banco de Bogotá\venv\lib\site-packages\sklearn\linear_model\_ridge.py:204: LinAlgWarning: Ill-conditioned matrix (rcond=2.46663e-13): result may not be accurate.
  return linalg.solve(A, Xy, assume_a="pos", overwrite_a=True).T

2024-05-08 05:34:40,287:WARNING:D:\Proyectos\Pruebas técnicas\Banco de Bogotá\venv\lib\site-packages\sklearn\linear_model\_ridge.py:204: LinAlgWarning: Ill-conditioned matrix (rcond=2.41706e-13): result may not be accurate.
  return linalg.solve(A, Xy, assume_a="pos", overwrite_a=True).T

2024-05-08 05:34:40,318:INFO:Calculating mean and std
2024-05-08 05:34:40,318:INFO:Creating metrics dataframe
2024-05-08 05:34:40,318:INFO:Uploading results into container
2024-05-08 05:34:40,318:INFO:Uploading model into container now
2024-05-08 05:34:40,318:INFO:_master_model_container: 6
2024-05-08 05:34:40,318:INFO:_display_container: 2
2024-05-08 05:34:40,318:INFO:RidgeClassifier(alpha=1.0, class_weight=None, copy_X=True, fit_intercept=True,
                max_iter=None, positive=False, random_state=3364, solver='auto',
                tol=0.0001)
2024-05-08 05:34:40,318:INFO:create_model() successfully completed......................................
2024-05-08 05:34:40,395:INFO:SubProcess create_model() end ==================================
2024-05-08 05:34:40,396:INFO:Creating metrics dataframe
2024-05-08 05:34:40,398:INFO:Initializing Random Forest Classifier
2024-05-08 05:34:40,398:INFO:Total runtime is 0.14815670649210613 minutes
2024-05-08 05:34:40,398:INFO:SubProcess create_model() called ==================================
2024-05-08 05:34:40,398:INFO:Initializing create_model()
2024-05-08 05:34:40,398:INFO:create_model(self=<pycaret.classification.oop.ClassificationExperiment object at 0x00000168B8B01FA0>, estimator=rf, fold=StratifiedKFold(n_splits=10, random_state=None, shuffle=False), round=4, cross_validation=True, predict=True, fit_kwargs={}, groups=None, refit=False, probability_threshold=None, experiment_custom_tags=None, verbose=False, system=False, add_to_model_list=True, metrics=None, display=<pycaret.internal.display.display.CommonDisplay object at 0x00000168BCFDBC40>, model_only=True, return_train_score=False, error_score=0.0, kwargs={})
2024-05-08 05:34:40,398:INFO:Checking exceptions
2024-05-08 05:34:40,398:INFO:Importing libraries
2024-05-08 05:34:40,398:INFO:Copying training dataset
2024-05-08 05:34:40,406:INFO:Defining folds
2024-05-08 05:34:40,406:INFO:Declaring metric variables
2024-05-08 05:34:40,406:INFO:Importing untrained model
2024-05-08 05:34:40,406:INFO:Random Forest Classifier Imported successfully
2024-05-08 05:34:40,406:INFO:Starting cross validation
2024-05-08 05:34:40,406:INFO:Cross validating with StratifiedKFold(n_splits=10, random_state=None, shuffle=False), n_jobs=-1
2024-05-08 05:34:41,422:INFO:Calculating mean and std
2024-05-08 05:34:41,422:INFO:Creating metrics dataframe
2024-05-08 05:34:41,422:INFO:Uploading results into container
2024-05-08 05:34:41,422:INFO:Uploading model into container now
2024-05-08 05:34:41,422:INFO:_master_model_container: 7
2024-05-08 05:34:41,422:INFO:_display_container: 2
2024-05-08 05:34:41,422:INFO:RandomForestClassifier(bootstrap=True, ccp_alpha=0.0, class_weight=None,
                       criterion='gini', max_depth=None, max_features='sqrt',
                       max_leaf_nodes=None, max_samples=None,
                       min_impurity_decrease=0.0, min_samples_leaf=1,
                       min_samples_split=2, min_weight_fraction_leaf=0.0,
                       monotonic_cst=None, n_estimators=100, n_jobs=-1,
                       oob_score=False, random_state=3364, verbose=0,
                       warm_start=False)
2024-05-08 05:34:41,422:INFO:create_model() successfully completed......................................
2024-05-08 05:34:41,507:INFO:SubProcess create_model() end ==================================
2024-05-08 05:34:41,507:INFO:Creating metrics dataframe
2024-05-08 05:34:41,507:INFO:Initializing Quadratic Discriminant Analysis
2024-05-08 05:34:41,507:INFO:Total runtime is 0.16664044459660848 minutes
2024-05-08 05:34:41,507:INFO:SubProcess create_model() called ==================================
2024-05-08 05:34:41,507:INFO:Initializing create_model()
2024-05-08 05:34:41,507:INFO:create_model(self=<pycaret.classification.oop.ClassificationExperiment object at 0x00000168B8B01FA0>, estimator=qda, fold=StratifiedKFold(n_splits=10, random_state=None, shuffle=False), round=4, cross_validation=True, predict=True, fit_kwargs={}, groups=None, refit=False, probability_threshold=None, experiment_custom_tags=None, verbose=False, system=False, add_to_model_list=True, metrics=None, display=<pycaret.internal.display.display.CommonDisplay object at 0x00000168BCFDBC40>, model_only=True, return_train_score=False, error_score=0.0, kwargs={})
2024-05-08 05:34:41,507:INFO:Checking exceptions
2024-05-08 05:34:41,507:INFO:Importing libraries
2024-05-08 05:34:41,507:INFO:Copying training dataset
2024-05-08 05:34:41,507:INFO:Defining folds
2024-05-08 05:34:41,507:INFO:Declaring metric variables
2024-05-08 05:34:41,507:INFO:Importing untrained model
2024-05-08 05:34:41,507:INFO:Quadratic Discriminant Analysis Imported successfully
2024-05-08 05:34:41,507:INFO:Starting cross validation
2024-05-08 05:34:41,507:INFO:Cross validating with StratifiedKFold(n_splits=10, random_state=None, shuffle=False), n_jobs=-1
2024-05-08 05:34:41,554:WARNING:D:\Proyectos\Pruebas técnicas\Banco de Bogotá\venv\lib\site-packages\sklearn\discriminant_analysis.py:935: UserWarning: Variables are collinear
  warnings.warn("Variables are collinear")

2024-05-08 05:34:41,554:WARNING:D:\Proyectos\Pruebas técnicas\Banco de Bogotá\venv\lib\site-packages\sklearn\discriminant_analysis.py:935: UserWarning: Variables are collinear
  warnings.warn("Variables are collinear")

2024-05-08 05:34:41,554:WARNING:D:\Proyectos\Pruebas técnicas\Banco de Bogotá\venv\lib\site-packages\sklearn\discriminant_analysis.py:935: UserWarning: Variables are collinear
  warnings.warn("Variables are collinear")

2024-05-08 05:34:41,570:WARNING:D:\Proyectos\Pruebas técnicas\Banco de Bogotá\venv\lib\site-packages\sklearn\discriminant_analysis.py:935: UserWarning: Variables are collinear
  warnings.warn("Variables are collinear")

2024-05-08 05:34:41,570:WARNING:D:\Proyectos\Pruebas técnicas\Banco de Bogotá\venv\lib\site-packages\sklearn\discriminant_analysis.py:935: UserWarning: Variables are collinear
  warnings.warn("Variables are collinear")

2024-05-08 05:34:41,570:WARNING:D:\Proyectos\Pruebas técnicas\Banco de Bogotá\venv\lib\site-packages\sklearn\discriminant_analysis.py:935: UserWarning: Variables are collinear
  warnings.warn("Variables are collinear")

2024-05-08 05:34:41,570:WARNING:D:\Proyectos\Pruebas técnicas\Banco de Bogotá\venv\lib\site-packages\sklearn\discriminant_analysis.py:935: UserWarning: Variables are collinear
  warnings.warn("Variables are collinear")

2024-05-08 05:34:41,585:WARNING:D:\Proyectos\Pruebas técnicas\Banco de Bogotá\venv\lib\site-packages\sklearn\discriminant_analysis.py:935: UserWarning: Variables are collinear
  warnings.warn("Variables are collinear")

2024-05-08 05:34:41,585:WARNING:D:\Proyectos\Pruebas técnicas\Banco de Bogotá\venv\lib\site-packages\sklearn\discriminant_analysis.py:935: UserWarning: Variables are collinear
  warnings.warn("Variables are collinear")

2024-05-08 05:34:41,585:WARNING:D:\Proyectos\Pruebas técnicas\Banco de Bogotá\venv\lib\site-packages\sklearn\discriminant_analysis.py:935: UserWarning: Variables are collinear
  warnings.warn("Variables are collinear")

2024-05-08 05:34:41,585:WARNING:D:\Proyectos\Pruebas técnicas\Banco de Bogotá\venv\lib\site-packages\sklearn\metrics\_classification.py:1509: UndefinedMetricWarning: Precision is ill-defined and being set to 0.0 due to no predicted samples. Use `zero_division` parameter to control this behavior.
  _warn_prf(average, modifier, f"{metric.capitalize()} is", len(result))

2024-05-08 05:34:41,632:INFO:Calculating mean and std
2024-05-08 05:34:41,632:INFO:Creating metrics dataframe
2024-05-08 05:34:41,632:INFO:Uploading results into container
2024-05-08 05:34:41,632:INFO:Uploading model into container now
2024-05-08 05:34:41,632:INFO:_master_model_container: 8
2024-05-08 05:34:41,632:INFO:_display_container: 2
2024-05-08 05:34:41,632:INFO:QuadraticDiscriminantAnalysis(priors=None, reg_param=0.0,
                              store_covariance=False, tol=0.0001)
2024-05-08 05:34:41,632:INFO:create_model() successfully completed......................................
2024-05-08 05:34:41,717:INFO:SubProcess create_model() end ==================================
2024-05-08 05:34:41,717:INFO:Creating metrics dataframe
2024-05-08 05:34:41,720:INFO:Initializing Ada Boost Classifier
2024-05-08 05:34:41,720:INFO:Total runtime is 0.17018755276997885 minutes
2024-05-08 05:34:41,720:INFO:SubProcess create_model() called ==================================
2024-05-08 05:34:41,720:INFO:Initializing create_model()
2024-05-08 05:34:41,720:INFO:create_model(self=<pycaret.classification.oop.ClassificationExperiment object at 0x00000168B8B01FA0>, estimator=ada, fold=StratifiedKFold(n_splits=10, random_state=None, shuffle=False), round=4, cross_validation=True, predict=True, fit_kwargs={}, groups=None, refit=False, probability_threshold=None, experiment_custom_tags=None, verbose=False, system=False, add_to_model_list=True, metrics=None, display=<pycaret.internal.display.display.CommonDisplay object at 0x00000168BCFDBC40>, model_only=True, return_train_score=False, error_score=0.0, kwargs={})
2024-05-08 05:34:41,720:INFO:Checking exceptions
2024-05-08 05:34:41,720:INFO:Importing libraries
2024-05-08 05:34:41,720:INFO:Copying training dataset
2024-05-08 05:34:41,724:INFO:Defining folds
2024-05-08 05:34:41,724:INFO:Declaring metric variables
2024-05-08 05:34:41,724:INFO:Importing untrained model
2024-05-08 05:34:41,724:INFO:Ada Boost Classifier Imported successfully
2024-05-08 05:34:41,724:INFO:Starting cross validation
2024-05-08 05:34:41,724:INFO:Cross validating with StratifiedKFold(n_splits=10, random_state=None, shuffle=False), n_jobs=-1
2024-05-08 05:34:41,740:WARNING:D:\Proyectos\Pruebas técnicas\Banco de Bogotá\venv\lib\site-packages\sklearn\ensemble\_weight_boosting.py:519: FutureWarning: The SAMME.R algorithm (the default) is deprecated and will be removed in 1.6. Use the SAMME algorithm to circumvent this warning.
  warnings.warn(

2024-05-08 05:34:41,755:WARNING:D:\Proyectos\Pruebas técnicas\Banco de Bogotá\venv\lib\site-packages\sklearn\ensemble\_weight_boosting.py:519: FutureWarning: The SAMME.R algorithm (the default) is deprecated and will be removed in 1.6. Use the SAMME algorithm to circumvent this warning.
  warnings.warn(

2024-05-08 05:34:41,755:WARNING:D:\Proyectos\Pruebas técnicas\Banco de Bogotá\venv\lib\site-packages\sklearn\ensemble\_weight_boosting.py:519: FutureWarning: The SAMME.R algorithm (the default) is deprecated and will be removed in 1.6. Use the SAMME algorithm to circumvent this warning.
  warnings.warn(

2024-05-08 05:34:41,755:WARNING:D:\Proyectos\Pruebas técnicas\Banco de Bogotá\venv\lib\site-packages\sklearn\ensemble\_weight_boosting.py:519: FutureWarning: The SAMME.R algorithm (the default) is deprecated and will be removed in 1.6. Use the SAMME algorithm to circumvent this warning.
  warnings.warn(

2024-05-08 05:34:41,755:WARNING:D:\Proyectos\Pruebas técnicas\Banco de Bogotá\venv\lib\site-packages\sklearn\ensemble\_weight_boosting.py:519: FutureWarning: The SAMME.R algorithm (the default) is deprecated and will be removed in 1.6. Use the SAMME algorithm to circumvent this warning.
  warnings.warn(

2024-05-08 05:34:41,755:WARNING:D:\Proyectos\Pruebas técnicas\Banco de Bogotá\venv\lib\site-packages\sklearn\ensemble\_weight_boosting.py:519: FutureWarning: The SAMME.R algorithm (the default) is deprecated and will be removed in 1.6. Use the SAMME algorithm to circumvent this warning.
  warnings.warn(

2024-05-08 05:34:41,771:WARNING:D:\Proyectos\Pruebas técnicas\Banco de Bogotá\venv\lib\site-packages\sklearn\ensemble\_weight_boosting.py:519: FutureWarning: The SAMME.R algorithm (the default) is deprecated and will be removed in 1.6. Use the SAMME algorithm to circumvent this warning.
  warnings.warn(

2024-05-08 05:34:41,771:WARNING:D:\Proyectos\Pruebas técnicas\Banco de Bogotá\venv\lib\site-packages\sklearn\ensemble\_weight_boosting.py:519: FutureWarning: The SAMME.R algorithm (the default) is deprecated and will be removed in 1.6. Use the SAMME algorithm to circumvent this warning.
  warnings.warn(

2024-05-08 05:34:41,771:WARNING:D:\Proyectos\Pruebas técnicas\Banco de Bogotá\venv\lib\site-packages\sklearn\ensemble\_weight_boosting.py:519: FutureWarning: The SAMME.R algorithm (the default) is deprecated and will be removed in 1.6. Use the SAMME algorithm to circumvent this warning.
  warnings.warn(

2024-05-08 05:34:41,771:WARNING:D:\Proyectos\Pruebas técnicas\Banco de Bogotá\venv\lib\site-packages\sklearn\ensemble\_weight_boosting.py:519: FutureWarning: The SAMME.R algorithm (the default) is deprecated and will be removed in 1.6. Use the SAMME algorithm to circumvent this warning.
  warnings.warn(

2024-05-08 05:34:42,239:INFO:Calculating mean and std
2024-05-08 05:34:42,239:INFO:Creating metrics dataframe
2024-05-08 05:34:42,239:INFO:Uploading results into container
2024-05-08 05:34:42,239:INFO:Uploading model into container now
2024-05-08 05:34:42,239:INFO:_master_model_container: 9
2024-05-08 05:34:42,239:INFO:_display_container: 2
2024-05-08 05:34:42,239:INFO:AdaBoostClassifier(algorithm='SAMME.R', estimator=None, learning_rate=1.0,
                   n_estimators=50, random_state=3364)
2024-05-08 05:34:42,239:INFO:create_model() successfully completed......................................
2024-05-08 05:34:42,320:INFO:SubProcess create_model() end ==================================
2024-05-08 05:34:42,320:INFO:Creating metrics dataframe
2024-05-08 05:34:42,322:INFO:Initializing Gradient Boosting Classifier
2024-05-08 05:34:42,322:INFO:Total runtime is 0.1802152713139852 minutes
2024-05-08 05:34:42,322:INFO:SubProcess create_model() called ==================================
2024-05-08 05:34:42,323:INFO:Initializing create_model()
2024-05-08 05:34:42,323:INFO:create_model(self=<pycaret.classification.oop.ClassificationExperiment object at 0x00000168B8B01FA0>, estimator=gbc, fold=StratifiedKFold(n_splits=10, random_state=None, shuffle=False), round=4, cross_validation=True, predict=True, fit_kwargs={}, groups=None, refit=False, probability_threshold=None, experiment_custom_tags=None, verbose=False, system=False, add_to_model_list=True, metrics=None, display=<pycaret.internal.display.display.CommonDisplay object at 0x00000168BCFDBC40>, model_only=True, return_train_score=False, error_score=0.0, kwargs={})
2024-05-08 05:34:42,323:INFO:Checking exceptions
2024-05-08 05:34:42,323:INFO:Importing libraries
2024-05-08 05:34:42,323:INFO:Copying training dataset
2024-05-08 05:34:42,325:INFO:Defining folds
2024-05-08 05:34:42,325:INFO:Declaring metric variables
2024-05-08 05:34:42,325:INFO:Importing untrained model
2024-05-08 05:34:42,325:INFO:Gradient Boosting Classifier Imported successfully
2024-05-08 05:34:42,325:INFO:Starting cross validation
2024-05-08 05:34:42,325:INFO:Cross validating with StratifiedKFold(n_splits=10, random_state=None, shuffle=False), n_jobs=-1
2024-05-08 05:34:43,466:INFO:Calculating mean and std
2024-05-08 05:34:43,466:INFO:Creating metrics dataframe
2024-05-08 05:34:43,466:INFO:Uploading results into container
2024-05-08 05:34:43,466:INFO:Uploading model into container now
2024-05-08 05:34:43,466:INFO:_master_model_container: 10
2024-05-08 05:34:43,466:INFO:_display_container: 2
2024-05-08 05:34:43,466:INFO:GradientBoostingClassifier(ccp_alpha=0.0, criterion='friedman_mse', init=None,
                           learning_rate=0.1, loss='log_loss', max_depth=3,
                           max_features=None, max_leaf_nodes=None,
                           min_impurity_decrease=0.0, min_samples_leaf=1,
                           min_samples_split=2, min_weight_fraction_leaf=0.0,
                           n_estimators=100, n_iter_no_change=None,
                           random_state=3364, subsample=1.0, tol=0.0001,
                           validation_fraction=0.1, verbose=0,
                           warm_start=False)
2024-05-08 05:34:43,466:INFO:create_model() successfully completed......................................
2024-05-08 05:34:43,538:INFO:SubProcess create_model() end ==================================
2024-05-08 05:34:43,538:INFO:Creating metrics dataframe
2024-05-08 05:34:43,540:INFO:Initializing Linear Discriminant Analysis
2024-05-08 05:34:43,540:INFO:Total runtime is 0.20052374601364137 minutes
2024-05-08 05:34:43,541:INFO:SubProcess create_model() called ==================================
2024-05-08 05:34:43,541:INFO:Initializing create_model()
2024-05-08 05:34:43,541:INFO:create_model(self=<pycaret.classification.oop.ClassificationExperiment object at 0x00000168B8B01FA0>, estimator=lda, fold=StratifiedKFold(n_splits=10, random_state=None, shuffle=False), round=4, cross_validation=True, predict=True, fit_kwargs={}, groups=None, refit=False, probability_threshold=None, experiment_custom_tags=None, verbose=False, system=False, add_to_model_list=True, metrics=None, display=<pycaret.internal.display.display.CommonDisplay object at 0x00000168BCFDBC40>, model_only=True, return_train_score=False, error_score=0.0, kwargs={})
2024-05-08 05:34:43,541:INFO:Checking exceptions
2024-05-08 05:34:43,541:INFO:Importing libraries
2024-05-08 05:34:43,541:INFO:Copying training dataset
2024-05-08 05:34:43,548:INFO:Defining folds
2024-05-08 05:34:43,548:INFO:Declaring metric variables
2024-05-08 05:34:43,548:INFO:Importing untrained model
2024-05-08 05:34:43,549:INFO:Linear Discriminant Analysis Imported successfully
2024-05-08 05:34:43,549:INFO:Starting cross validation
2024-05-08 05:34:43,549:INFO:Cross validating with StratifiedKFold(n_splits=10, random_state=None, shuffle=False), n_jobs=-1
2024-05-08 05:34:43,637:INFO:Calculating mean and std
2024-05-08 05:34:43,638:INFO:Creating metrics dataframe
2024-05-08 05:34:43,639:INFO:Uploading results into container
2024-05-08 05:34:43,640:INFO:Uploading model into container now
2024-05-08 05:34:43,640:INFO:_master_model_container: 11
2024-05-08 05:34:43,640:INFO:_display_container: 2
2024-05-08 05:34:43,640:INFO:LinearDiscriminantAnalysis(covariance_estimator=None, n_components=None,
                           priors=None, shrinkage=None, solver='svd',
                           store_covariance=False, tol=0.0001)
2024-05-08 05:34:43,640:INFO:create_model() successfully completed......................................
2024-05-08 05:34:43,709:INFO:SubProcess create_model() end ==================================
2024-05-08 05:34:43,710:INFO:Creating metrics dataframe
2024-05-08 05:34:43,711:INFO:Initializing Extra Trees Classifier
2024-05-08 05:34:43,712:INFO:Total runtime is 0.2033918579419454 minutes
2024-05-08 05:34:43,712:INFO:SubProcess create_model() called ==================================
2024-05-08 05:34:43,712:INFO:Initializing create_model()
2024-05-08 05:34:43,712:INFO:create_model(self=<pycaret.classification.oop.ClassificationExperiment object at 0x00000168B8B01FA0>, estimator=et, fold=StratifiedKFold(n_splits=10, random_state=None, shuffle=False), round=4, cross_validation=True, predict=True, fit_kwargs={}, groups=None, refit=False, probability_threshold=None, experiment_custom_tags=None, verbose=False, system=False, add_to_model_list=True, metrics=None, display=<pycaret.internal.display.display.CommonDisplay object at 0x00000168BCFDBC40>, model_only=True, return_train_score=False, error_score=0.0, kwargs={})
2024-05-08 05:34:43,712:INFO:Checking exceptions
2024-05-08 05:34:43,712:INFO:Importing libraries
2024-05-08 05:34:43,712:INFO:Copying training dataset
2024-05-08 05:34:43,719:INFO:Defining folds
2024-05-08 05:34:43,719:INFO:Declaring metric variables
2024-05-08 05:34:43,720:INFO:Importing untrained model
2024-05-08 05:34:43,720:INFO:Extra Trees Classifier Imported successfully
2024-05-08 05:34:43,720:INFO:Starting cross validation
2024-05-08 05:34:43,721:INFO:Cross validating with StratifiedKFold(n_splits=10, random_state=None, shuffle=False), n_jobs=-1
2024-05-08 05:34:44,767:INFO:Calculating mean and std
2024-05-08 05:34:44,768:INFO:Creating metrics dataframe
2024-05-08 05:34:44,770:INFO:Uploading results into container
2024-05-08 05:34:44,771:INFO:Uploading model into container now
2024-05-08 05:34:44,771:INFO:_master_model_container: 12
2024-05-08 05:34:44,771:INFO:_display_container: 2
2024-05-08 05:34:44,772:INFO:ExtraTreesClassifier(bootstrap=False, ccp_alpha=0.0, class_weight=None,
                     criterion='gini', max_depth=None, max_features='sqrt',
                     max_leaf_nodes=None, max_samples=None,
                     min_impurity_decrease=0.0, min_samples_leaf=1,
                     min_samples_split=2, min_weight_fraction_leaf=0.0,
                     monotonic_cst=None, n_estimators=100, n_jobs=-1,
                     oob_score=False, random_state=3364, verbose=0,
                     warm_start=False)
2024-05-08 05:34:44,772:INFO:create_model() successfully completed......................................
2024-05-08 05:34:44,859:INFO:SubProcess create_model() end ==================================
2024-05-08 05:34:44,859:INFO:Creating metrics dataframe
2024-05-08 05:34:44,863:INFO:Initializing Extreme Gradient Boosting
2024-05-08 05:34:44,863:INFO:Total runtime is 0.22257306973139446 minutes
2024-05-08 05:34:44,863:INFO:SubProcess create_model() called ==================================
2024-05-08 05:34:44,863:INFO:Initializing create_model()
2024-05-08 05:34:44,863:INFO:create_model(self=<pycaret.classification.oop.ClassificationExperiment object at 0x00000168B8B01FA0>, estimator=xgboost, fold=StratifiedKFold(n_splits=10, random_state=None, shuffle=False), round=4, cross_validation=True, predict=True, fit_kwargs={}, groups=None, refit=False, probability_threshold=None, experiment_custom_tags=None, verbose=False, system=False, add_to_model_list=True, metrics=None, display=<pycaret.internal.display.display.CommonDisplay object at 0x00000168BCFDBC40>, model_only=True, return_train_score=False, error_score=0.0, kwargs={})
2024-05-08 05:34:44,864:INFO:Checking exceptions
2024-05-08 05:34:44,864:INFO:Importing libraries
2024-05-08 05:34:44,864:INFO:Copying training dataset
2024-05-08 05:34:44,875:INFO:Defining folds
2024-05-08 05:34:44,875:INFO:Declaring metric variables
2024-05-08 05:34:44,875:INFO:Importing untrained model
2024-05-08 05:34:44,876:INFO:Extreme Gradient Boosting Imported successfully
2024-05-08 05:34:44,876:INFO:Starting cross validation
2024-05-08 05:34:44,877:INFO:Cross validating with StratifiedKFold(n_splits=10, random_state=None, shuffle=False), n_jobs=-1
2024-05-08 05:34:45,282:INFO:Calculating mean and std
2024-05-08 05:34:45,283:INFO:Creating metrics dataframe
2024-05-08 05:34:45,284:INFO:Uploading results into container
2024-05-08 05:34:45,284:INFO:Uploading model into container now
2024-05-08 05:34:45,285:INFO:_master_model_container: 13
2024-05-08 05:34:45,285:INFO:_display_container: 2
2024-05-08 05:34:45,285:INFO:XGBClassifier(base_score=None, booster='gbtree', callbacks=None,
              colsample_bylevel=None, colsample_bynode=None,
              colsample_bytree=None, device='cpu', early_stopping_rounds=None,
              enable_categorical=False, eval_metric=None, feature_types=None,
              gamma=None, grow_policy=None, importance_type=None,
              interaction_constraints=None, learning_rate=None, max_bin=None,
              max_cat_threshold=None, max_cat_to_onehot=None,
              max_delta_step=None, max_depth=None, max_leaves=None,
              min_child_weight=None, missing=nan, monotone_constraints=None,
              multi_strategy=None, n_estimators=None, n_jobs=-1,
              num_parallel_tree=None, objective='binary:logistic', ...)
2024-05-08 05:34:45,286:INFO:create_model() successfully completed......................................
2024-05-08 05:34:45,352:INFO:SubProcess create_model() end ==================================
2024-05-08 05:34:45,352:INFO:Creating metrics dataframe
2024-05-08 05:34:45,354:INFO:Initializing Light Gradient Boosting Machine
2024-05-08 05:34:45,354:INFO:Total runtime is 0.23075310786565145 minutes
2024-05-08 05:34:45,354:INFO:SubProcess create_model() called ==================================
2024-05-08 05:34:45,355:INFO:Initializing create_model()
2024-05-08 05:34:45,355:INFO:create_model(self=<pycaret.classification.oop.ClassificationExperiment object at 0x00000168B8B01FA0>, estimator=lightgbm, fold=StratifiedKFold(n_splits=10, random_state=None, shuffle=False), round=4, cross_validation=True, predict=True, fit_kwargs={}, groups=None, refit=False, probability_threshold=None, experiment_custom_tags=None, verbose=False, system=False, add_to_model_list=True, metrics=None, display=<pycaret.internal.display.display.CommonDisplay object at 0x00000168BCFDBC40>, model_only=True, return_train_score=False, error_score=0.0, kwargs={})
2024-05-08 05:34:45,355:INFO:Checking exceptions
2024-05-08 05:34:45,355:INFO:Importing libraries
2024-05-08 05:34:45,355:INFO:Copying training dataset
2024-05-08 05:34:45,363:INFO:Defining folds
2024-05-08 05:34:45,363:INFO:Declaring metric variables
2024-05-08 05:34:45,363:INFO:Importing untrained model
2024-05-08 05:34:45,363:INFO:Light Gradient Boosting Machine Imported successfully
2024-05-08 05:34:45,364:INFO:Starting cross validation
2024-05-08 05:34:45,364:INFO:Cross validating with StratifiedKFold(n_splits=10, random_state=None, shuffle=False), n_jobs=-1
2024-05-08 05:34:46,454:INFO:Calculating mean and std
2024-05-08 05:34:46,455:INFO:Creating metrics dataframe
2024-05-08 05:34:46,457:INFO:Uploading results into container
2024-05-08 05:34:46,458:INFO:Uploading model into container now
2024-05-08 05:34:46,458:INFO:_master_model_container: 14
2024-05-08 05:34:46,458:INFO:_display_container: 2
2024-05-08 05:34:46,459:INFO:LGBMClassifier(boosting_type='gbdt', class_weight=None, colsample_bytree=1.0,
               importance_type='split', learning_rate=0.1, max_depth=-1,
               min_child_samples=20, min_child_weight=0.001, min_split_gain=0.0,
               n_estimators=100, n_jobs=-1, num_leaves=31, objective=None,
               random_state=3364, reg_alpha=0.0, reg_lambda=0.0, subsample=1.0,
               subsample_for_bin=200000, subsample_freq=0)
2024-05-08 05:34:46,459:INFO:create_model() successfully completed......................................
2024-05-08 05:34:46,546:INFO:SubProcess create_model() end ==================================
2024-05-08 05:34:46,546:INFO:Creating metrics dataframe
2024-05-08 05:34:46,548:INFO:Initializing CatBoost Classifier
2024-05-08 05:34:46,548:INFO:Total runtime is 0.2506499449412028 minutes
2024-05-08 05:34:46,548:INFO:SubProcess create_model() called ==================================
2024-05-08 05:34:46,548:INFO:Initializing create_model()
2024-05-08 05:34:46,548:INFO:create_model(self=<pycaret.classification.oop.ClassificationExperiment object at 0x00000168B8B01FA0>, estimator=catboost, fold=StratifiedKFold(n_splits=10, random_state=None, shuffle=False), round=4, cross_validation=True, predict=True, fit_kwargs={}, groups=None, refit=False, probability_threshold=None, experiment_custom_tags=None, verbose=False, system=False, add_to_model_list=True, metrics=None, display=<pycaret.internal.display.display.CommonDisplay object at 0x00000168BCFDBC40>, model_only=True, return_train_score=False, error_score=0.0, kwargs={})
2024-05-08 05:34:46,548:INFO:Checking exceptions
2024-05-08 05:34:46,548:INFO:Importing libraries
2024-05-08 05:34:46,549:INFO:Copying training dataset
2024-05-08 05:34:46,557:INFO:Defining folds
2024-05-08 05:34:46,557:INFO:Declaring metric variables
2024-05-08 05:34:46,557:INFO:Importing untrained model
2024-05-08 05:34:46,558:INFO:CatBoost Classifier Imported successfully
2024-05-08 05:34:46,558:INFO:Starting cross validation
2024-05-08 05:34:46,558:INFO:Cross validating with StratifiedKFold(n_splits=10, random_state=None, shuffle=False), n_jobs=-1
2024-05-08 05:35:16,912:INFO:Calculating mean and std
2024-05-08 05:35:16,912:INFO:Creating metrics dataframe
2024-05-08 05:35:16,912:INFO:Uploading results into container
2024-05-08 05:35:16,912:INFO:Uploading model into container now
2024-05-08 05:35:16,912:INFO:_master_model_container: 15
2024-05-08 05:35:16,912:INFO:_display_container: 2
2024-05-08 05:35:16,912:INFO:<catboost.core.CatBoostClassifier object at 0x00000168BC9C1490>
2024-05-08 05:35:16,912:INFO:create_model() successfully completed......................................
2024-05-08 05:35:16,995:INFO:SubProcess create_model() end ==================================
2024-05-08 05:35:16,995:INFO:Creating metrics dataframe
2024-05-08 05:35:16,997:INFO:Initializing Dummy Classifier
2024-05-08 05:35:16,997:INFO:Total runtime is 0.7581358393033346 minutes
2024-05-08 05:35:16,998:INFO:SubProcess create_model() called ==================================
2024-05-08 05:35:16,998:INFO:Initializing create_model()
2024-05-08 05:35:16,998:INFO:create_model(self=<pycaret.classification.oop.ClassificationExperiment object at 0x00000168B8B01FA0>, estimator=dummy, fold=StratifiedKFold(n_splits=10, random_state=None, shuffle=False), round=4, cross_validation=True, predict=True, fit_kwargs={}, groups=None, refit=False, probability_threshold=None, experiment_custom_tags=None, verbose=False, system=False, add_to_model_list=True, metrics=None, display=<pycaret.internal.display.display.CommonDisplay object at 0x00000168BCFDBC40>, model_only=True, return_train_score=False, error_score=0.0, kwargs={})
2024-05-08 05:35:16,998:INFO:Checking exceptions
2024-05-08 05:35:16,998:INFO:Importing libraries
2024-05-08 05:35:16,998:INFO:Copying training dataset
2024-05-08 05:35:17,007:INFO:Defining folds
2024-05-08 05:35:17,008:INFO:Declaring metric variables
2024-05-08 05:35:17,008:INFO:Importing untrained model
2024-05-08 05:35:17,008:INFO:Dummy Classifier Imported successfully
2024-05-08 05:35:17,008:INFO:Starting cross validation
2024-05-08 05:35:17,008:INFO:Cross validating with StratifiedKFold(n_splits=10, random_state=None, shuffle=False), n_jobs=-1
2024-05-08 05:35:17,039:WARNING:D:\Proyectos\Pruebas técnicas\Banco de Bogotá\venv\lib\site-packages\sklearn\metrics\_classification.py:1509: UndefinedMetricWarning: Precision is ill-defined and being set to 0.0 due to no predicted samples. Use `zero_division` parameter to control this behavior.
  _warn_prf(average, modifier, f"{metric.capitalize()} is", len(result))

2024-05-08 05:35:17,039:WARNING:D:\Proyectos\Pruebas técnicas\Banco de Bogotá\venv\lib\site-packages\sklearn\metrics\_classification.py:1509: UndefinedMetricWarning: Precision is ill-defined and being set to 0.0 due to no predicted samples. Use `zero_division` parameter to control this behavior.
  _warn_prf(average, modifier, f"{metric.capitalize()} is", len(result))

2024-05-08 05:35:17,055:WARNING:D:\Proyectos\Pruebas técnicas\Banco de Bogotá\venv\lib\site-packages\sklearn\metrics\_classification.py:1509: UndefinedMetricWarning: Precision is ill-defined and being set to 0.0 due to no predicted samples. Use `zero_division` parameter to control this behavior.
  _warn_prf(average, modifier, f"{metric.capitalize()} is", len(result))

2024-05-08 05:35:17,055:WARNING:D:\Proyectos\Pruebas técnicas\Banco de Bogotá\venv\lib\site-packages\sklearn\metrics\_classification.py:1509: UndefinedMetricWarning: Precision is ill-defined and being set to 0.0 due to no predicted samples. Use `zero_division` parameter to control this behavior.
  _warn_prf(average, modifier, f"{metric.capitalize()} is", len(result))

2024-05-08 05:35:17,055:WARNING:D:\Proyectos\Pruebas técnicas\Banco de Bogotá\venv\lib\site-packages\sklearn\metrics\_classification.py:1509: UndefinedMetricWarning: Precision is ill-defined and being set to 0.0 due to no predicted samples. Use `zero_division` parameter to control this behavior.
  _warn_prf(average, modifier, f"{metric.capitalize()} is", len(result))

2024-05-08 05:35:17,055:WARNING:D:\Proyectos\Pruebas técnicas\Banco de Bogotá\venv\lib\site-packages\sklearn\metrics\_classification.py:1509: UndefinedMetricWarning: Precision is ill-defined and being set to 0.0 due to no predicted samples. Use `zero_division` parameter to control this behavior.
  _warn_prf(average, modifier, f"{metric.capitalize()} is", len(result))

2024-05-08 05:35:17,055:WARNING:D:\Proyectos\Pruebas técnicas\Banco de Bogotá\venv\lib\site-packages\sklearn\metrics\_classification.py:1509: UndefinedMetricWarning: Precision is ill-defined and being set to 0.0 due to no predicted samples. Use `zero_division` parameter to control this behavior.
  _warn_prf(average, modifier, f"{metric.capitalize()} is", len(result))

2024-05-08 05:35:17,070:WARNING:D:\Proyectos\Pruebas técnicas\Banco de Bogotá\venv\lib\site-packages\sklearn\metrics\_classification.py:1509: UndefinedMetricWarning: Precision is ill-defined and being set to 0.0 due to no predicted samples. Use `zero_division` parameter to control this behavior.
  _warn_prf(average, modifier, f"{metric.capitalize()} is", len(result))

2024-05-08 05:35:17,070:WARNING:D:\Proyectos\Pruebas técnicas\Banco de Bogotá\venv\lib\site-packages\sklearn\metrics\_classification.py:1509: UndefinedMetricWarning: Precision is ill-defined and being set to 0.0 due to no predicted samples. Use `zero_division` parameter to control this behavior.
  _warn_prf(average, modifier, f"{metric.capitalize()} is", len(result))

2024-05-08 05:35:17,086:INFO:Calculating mean and std
2024-05-08 05:35:17,086:INFO:Creating metrics dataframe
2024-05-08 05:35:17,086:INFO:Uploading results into container
2024-05-08 05:35:17,086:INFO:Uploading model into container now
2024-05-08 05:35:17,086:INFO:_master_model_container: 16
2024-05-08 05:35:17,086:INFO:_display_container: 2
2024-05-08 05:35:17,086:INFO:DummyClassifier(constant=None, random_state=3364, strategy='prior')
2024-05-08 05:35:17,086:INFO:create_model() successfully completed......................................
2024-05-08 05:35:17,162:INFO:SubProcess create_model() end ==================================
2024-05-08 05:35:17,162:INFO:Creating metrics dataframe
2024-05-08 05:35:17,165:WARNING:D:\Proyectos\Pruebas técnicas\Banco de Bogotá\venv\lib\site-packages\pycaret\internal\pycaret_experiment\supervised_experiment.py:323: FutureWarning: Styler.applymap has been deprecated. Use Styler.map instead.
  master_display_.apply(

2024-05-08 05:35:17,166:INFO:Initializing create_model()
2024-05-08 05:35:17,167:INFO:create_model(self=<pycaret.classification.oop.ClassificationExperiment object at 0x00000168B8B01FA0>, estimator=AdaBoostClassifier(algorithm='SAMME.R', estimator=None, learning_rate=1.0,
                   n_estimators=50, random_state=3364), fold=StratifiedKFold(n_splits=10, random_state=None, shuffle=False), round=4, cross_validation=False, predict=False, fit_kwargs={}, groups=None, refit=True, probability_threshold=None, experiment_custom_tags=None, verbose=False, system=False, add_to_model_list=True, metrics=None, display=None, model_only=True, return_train_score=False, error_score=0.0, kwargs={})
2024-05-08 05:35:17,167:INFO:Checking exceptions
2024-05-08 05:35:17,167:INFO:Importing libraries
2024-05-08 05:35:17,167:INFO:Copying training dataset
2024-05-08 05:35:17,176:INFO:Defining folds
2024-05-08 05:35:17,176:INFO:Declaring metric variables
2024-05-08 05:35:17,176:INFO:Importing untrained model
2024-05-08 05:35:17,176:INFO:Declaring custom model
2024-05-08 05:35:17,176:INFO:Ada Boost Classifier Imported successfully
2024-05-08 05:35:17,176:INFO:Cross validation set to False
2024-05-08 05:35:17,176:INFO:Fitting Model
2024-05-08 05:35:17,176:WARNING:D:\Proyectos\Pruebas técnicas\Banco de Bogotá\venv\lib\site-packages\sklearn\ensemble\_weight_boosting.py:519: FutureWarning: The SAMME.R algorithm (the default) is deprecated and will be removed in 1.6. Use the SAMME algorithm to circumvent this warning.
  warnings.warn(

2024-05-08 05:35:17,410:INFO:AdaBoostClassifier(algorithm='SAMME.R', estimator=None, learning_rate=1.0,
                   n_estimators=50, random_state=3364)
2024-05-08 05:35:17,410:INFO:create_model() successfully completed......................................
2024-05-08 05:35:17,488:INFO:_master_model_container: 16
2024-05-08 05:35:17,488:INFO:_display_container: 2
2024-05-08 05:35:17,488:INFO:AdaBoostClassifier(algorithm='SAMME.R', estimator=None, learning_rate=1.0,
                   n_estimators=50, random_state=3364)
2024-05-08 05:35:17,488:INFO:compare_models() successfully completed......................................
2024-05-08 05:35:17,488:INFO:Initializing create_model()
2024-05-08 05:35:17,488:INFO:create_model(self=<pycaret.classification.oop.ClassificationExperiment object at 0x00000168B8B01FA0>, estimator=ada, fold=None, round=4, cross_validation=True, predict=True, fit_kwargs=None, groups=None, refit=True, probability_threshold=None, experiment_custom_tags=None, verbose=True, system=True, add_to_model_list=True, metrics=None, display=None, model_only=True, return_train_score=False, error_score=0.0, kwargs={})
2024-05-08 05:35:17,488:INFO:Checking exceptions
2024-05-08 05:35:17,488:INFO:Importing libraries
2024-05-08 05:35:17,488:INFO:Copying training dataset
2024-05-08 05:35:17,488:INFO:Defining folds
2024-05-08 05:35:17,488:INFO:Declaring metric variables
2024-05-08 05:35:17,488:INFO:Importing untrained model
2024-05-08 05:35:17,488:INFO:Ada Boost Classifier Imported successfully
2024-05-08 05:35:17,488:INFO:Starting cross validation
2024-05-08 05:35:17,488:INFO:Cross validating with StratifiedKFold(n_splits=10, random_state=None, shuffle=False), n_jobs=-1
2024-05-08 05:35:17,525:WARNING:D:\Proyectos\Pruebas técnicas\Banco de Bogotá\venv\lib\site-packages\sklearn\ensemble\_weight_boosting.py:519: FutureWarning: The SAMME.R algorithm (the default) is deprecated and will be removed in 1.6. Use the SAMME algorithm to circumvent this warning.
  warnings.warn(

2024-05-08 05:35:17,526:WARNING:D:\Proyectos\Pruebas técnicas\Banco de Bogotá\venv\lib\site-packages\sklearn\ensemble\_weight_boosting.py:519: FutureWarning: The SAMME.R algorithm (the default) is deprecated and will be removed in 1.6. Use the SAMME algorithm to circumvent this warning.
  warnings.warn(

2024-05-08 05:35:17,529:WARNING:D:\Proyectos\Pruebas técnicas\Banco de Bogotá\venv\lib\site-packages\sklearn\ensemble\_weight_boosting.py:519: FutureWarning: The SAMME.R algorithm (the default) is deprecated and will be removed in 1.6. Use the SAMME algorithm to circumvent this warning.
  warnings.warn(

2024-05-08 05:35:17,531:WARNING:D:\Proyectos\Pruebas técnicas\Banco de Bogotá\venv\lib\site-packages\sklearn\ensemble\_weight_boosting.py:519: FutureWarning: The SAMME.R algorithm (the default) is deprecated and will be removed in 1.6. Use the SAMME algorithm to circumvent this warning.
  warnings.warn(

2024-05-08 05:35:17,533:WARNING:D:\Proyectos\Pruebas técnicas\Banco de Bogotá\venv\lib\site-packages\sklearn\ensemble\_weight_boosting.py:519: FutureWarning: The SAMME.R algorithm (the default) is deprecated and will be removed in 1.6. Use the SAMME algorithm to circumvent this warning.
  warnings.warn(

2024-05-08 05:35:17,533:WARNING:D:\Proyectos\Pruebas técnicas\Banco de Bogotá\venv\lib\site-packages\sklearn\ensemble\_weight_boosting.py:519: FutureWarning: The SAMME.R algorithm (the default) is deprecated and will be removed in 1.6. Use the SAMME algorithm to circumvent this warning.
  warnings.warn(

2024-05-08 05:35:17,533:WARNING:D:\Proyectos\Pruebas técnicas\Banco de Bogotá\venv\lib\site-packages\sklearn\ensemble\_weight_boosting.py:519: FutureWarning: The SAMME.R algorithm (the default) is deprecated and will be removed in 1.6. Use the SAMME algorithm to circumvent this warning.
  warnings.warn(

2024-05-08 05:35:17,543:WARNING:D:\Proyectos\Pruebas técnicas\Banco de Bogotá\venv\lib\site-packages\sklearn\ensemble\_weight_boosting.py:519: FutureWarning: The SAMME.R algorithm (the default) is deprecated and will be removed in 1.6. Use the SAMME algorithm to circumvent this warning.
  warnings.warn(

2024-05-08 05:35:17,545:WARNING:D:\Proyectos\Pruebas técnicas\Banco de Bogotá\venv\lib\site-packages\sklearn\ensemble\_weight_boosting.py:519: FutureWarning: The SAMME.R algorithm (the default) is deprecated and will be removed in 1.6. Use the SAMME algorithm to circumvent this warning.
  warnings.warn(

2024-05-08 05:35:17,545:WARNING:D:\Proyectos\Pruebas técnicas\Banco de Bogotá\venv\lib\site-packages\sklearn\ensemble\_weight_boosting.py:519: FutureWarning: The SAMME.R algorithm (the default) is deprecated and will be removed in 1.6. Use the SAMME algorithm to circumvent this warning.
  warnings.warn(

2024-05-08 05:35:17,969:INFO:Calculating mean and std
2024-05-08 05:35:17,969:INFO:Creating metrics dataframe
2024-05-08 05:35:17,969:INFO:Finalizing model
2024-05-08 05:35:17,985:WARNING:D:\Proyectos\Pruebas técnicas\Banco de Bogotá\venv\lib\site-packages\sklearn\ensemble\_weight_boosting.py:519: FutureWarning: The SAMME.R algorithm (the default) is deprecated and will be removed in 1.6. Use the SAMME algorithm to circumvent this warning.
  warnings.warn(

2024-05-08 05:35:18,283:INFO:Uploading results into container
2024-05-08 05:35:18,283:INFO:Uploading model into container now
2024-05-08 05:35:18,292:INFO:_master_model_container: 17
2024-05-08 05:35:18,292:INFO:_display_container: 3
2024-05-08 05:35:18,292:INFO:AdaBoostClassifier(algorithm='SAMME.R', estimator=None, learning_rate=1.0,
                   n_estimators=50, random_state=3364)
2024-05-08 05:35:18,292:INFO:create_model() successfully completed......................................
2024-05-08 05:35:18,362:INFO:Initializing tune_model()
2024-05-08 05:35:18,362:INFO:tune_model(estimator=AdaBoostClassifier(algorithm='SAMME.R', estimator=None, learning_rate=1.0,
                   n_estimators=50, random_state=3364), fold=None, round=4, n_iter=10, custom_grid=None, optimize=Accuracy, custom_scorer=None, search_library=scikit-learn, search_algorithm=None, early_stopping=False, early_stopping_max_iters=10, choose_better=True, fit_kwargs=None, groups=None, return_tuner=False, verbose=True, tuner_verbose=True, return_train_score=False, kwargs={}, self=<pycaret.classification.oop.ClassificationExperiment object at 0x00000168B8B01FA0>)
2024-05-08 05:35:18,362:INFO:Checking exceptions
2024-05-08 05:35:18,362:INFO:Copying training dataset
2024-05-08 05:35:18,362:INFO:Checking base model
2024-05-08 05:35:18,362:INFO:Base model : Ada Boost Classifier
2024-05-08 05:35:18,362:INFO:Declaring metric variables
2024-05-08 05:35:18,362:INFO:Defining Hyperparameters
2024-05-08 05:35:18,430:INFO:Tuning with n_jobs=-1
2024-05-08 05:35:18,430:INFO:Initializing RandomizedSearchCV
2024-05-08 05:35:28,590:INFO:best_params: {'actual_estimator__n_estimators': 290, 'actual_estimator__learning_rate': 0.5, 'actual_estimator__algorithm': 'SAMME'}
2024-05-08 05:35:28,590:INFO:Hyperparameter search completed
2024-05-08 05:35:28,590:INFO:SubProcess create_model() called ==================================
2024-05-08 05:35:28,590:INFO:Initializing create_model()
2024-05-08 05:35:28,590:INFO:create_model(self=<pycaret.classification.oop.ClassificationExperiment object at 0x00000168B8B01FA0>, estimator=AdaBoostClassifier(algorithm='SAMME.R', estimator=None, learning_rate=1.0,
                   n_estimators=50, random_state=3364), fold=StratifiedKFold(n_splits=10, random_state=None, shuffle=False), round=4, cross_validation=True, predict=True, fit_kwargs={}, groups=None, refit=True, probability_threshold=None, experiment_custom_tags=None, verbose=True, system=False, add_to_model_list=True, metrics=None, display=<pycaret.internal.display.display.CommonDisplay object at 0x00000168BCEE26A0>, model_only=True, return_train_score=False, error_score=0.0, kwargs={'n_estimators': 290, 'learning_rate': 0.5, 'algorithm': 'SAMME'})
2024-05-08 05:35:28,590:INFO:Checking exceptions
2024-05-08 05:35:28,590:INFO:Importing libraries
2024-05-08 05:35:28,590:INFO:Copying training dataset
2024-05-08 05:35:28,626:INFO:Defining folds
2024-05-08 05:35:28,626:INFO:Declaring metric variables
2024-05-08 05:35:28,626:INFO:Importing untrained model
2024-05-08 05:35:28,626:INFO:Declaring custom model
2024-05-08 05:35:28,628:INFO:Ada Boost Classifier Imported successfully
2024-05-08 05:35:28,629:INFO:Starting cross validation
2024-05-08 05:35:28,630:INFO:Cross validating with StratifiedKFold(n_splits=10, random_state=None, shuffle=False), n_jobs=-1
2024-05-08 05:35:30,840:INFO:Calculating mean and std
2024-05-08 05:35:30,843:INFO:Creating metrics dataframe
2024-05-08 05:35:30,843:INFO:Finalizing model
2024-05-08 05:35:31,957:INFO:Uploading results into container
2024-05-08 05:35:31,957:INFO:Uploading model into container now
2024-05-08 05:35:31,957:INFO:_master_model_container: 18
2024-05-08 05:35:31,957:INFO:_display_container: 4
2024-05-08 05:35:31,957:INFO:AdaBoostClassifier(algorithm='SAMME', estimator=None, learning_rate=0.5,
                   n_estimators=290, random_state=3364)
2024-05-08 05:35:31,957:INFO:create_model() successfully completed......................................
2024-05-08 05:35:32,028:INFO:SubProcess create_model() end ==================================
2024-05-08 05:35:32,028:INFO:choose_better activated
2024-05-08 05:35:32,040:INFO:SubProcess create_model() called ==================================
2024-05-08 05:35:32,040:INFO:Initializing create_model()
2024-05-08 05:35:32,040:INFO:create_model(self=<pycaret.classification.oop.ClassificationExperiment object at 0x00000168B8B01FA0>, estimator=AdaBoostClassifier(algorithm='SAMME.R', estimator=None, learning_rate=1.0,
                   n_estimators=50, random_state=3364), fold=StratifiedKFold(n_splits=10, random_state=None, shuffle=False), round=4, cross_validation=True, predict=True, fit_kwargs={}, groups=None, refit=True, probability_threshold=None, experiment_custom_tags=None, verbose=False, system=False, add_to_model_list=True, metrics=None, display=None, model_only=True, return_train_score=False, error_score=0.0, kwargs={})
2024-05-08 05:35:32,040:INFO:Checking exceptions
2024-05-08 05:35:32,041:INFO:Importing libraries
2024-05-08 05:35:32,041:INFO:Copying training dataset
2024-05-08 05:35:32,041:INFO:Defining folds
2024-05-08 05:35:32,041:INFO:Declaring metric variables
2024-05-08 05:35:32,041:INFO:Importing untrained model
2024-05-08 05:35:32,041:INFO:Declaring custom model
2024-05-08 05:35:32,041:INFO:Ada Boost Classifier Imported successfully
2024-05-08 05:35:32,041:INFO:Starting cross validation
2024-05-08 05:35:32,041:INFO:Cross validating with StratifiedKFold(n_splits=10, random_state=None, shuffle=False), n_jobs=-1
2024-05-08 05:35:32,057:WARNING:D:\Proyectos\Pruebas técnicas\Banco de Bogotá\venv\lib\site-packages\sklearn\ensemble\_weight_boosting.py:519: FutureWarning: The SAMME.R algorithm (the default) is deprecated and will be removed in 1.6. Use the SAMME algorithm to circumvent this warning.
  warnings.warn(

2024-05-08 05:35:32,057:WARNING:D:\Proyectos\Pruebas técnicas\Banco de Bogotá\venv\lib\site-packages\sklearn\ensemble\_weight_boosting.py:519: FutureWarning: The SAMME.R algorithm (the default) is deprecated and will be removed in 1.6. Use the SAMME algorithm to circumvent this warning.
  warnings.warn(

2024-05-08 05:35:32,073:WARNING:D:\Proyectos\Pruebas técnicas\Banco de Bogotá\venv\lib\site-packages\sklearn\ensemble\_weight_boosting.py:519: FutureWarning: The SAMME.R algorithm (the default) is deprecated and will be removed in 1.6. Use the SAMME algorithm to circumvent this warning.
  warnings.warn(

2024-05-08 05:35:32,075:WARNING:D:\Proyectos\Pruebas técnicas\Banco de Bogotá\venv\lib\site-packages\sklearn\ensemble\_weight_boosting.py:519: FutureWarning: The SAMME.R algorithm (the default) is deprecated and will be removed in 1.6. Use the SAMME algorithm to circumvent this warning.
  warnings.warn(

2024-05-08 05:35:32,075:WARNING:D:\Proyectos\Pruebas técnicas\Banco de Bogotá\venv\lib\site-packages\sklearn\ensemble\_weight_boosting.py:519: FutureWarning: The SAMME.R algorithm (the default) is deprecated and will be removed in 1.6. Use the SAMME algorithm to circumvent this warning.
  warnings.warn(

2024-05-08 05:35:32,075:WARNING:D:\Proyectos\Pruebas técnicas\Banco de Bogotá\venv\lib\site-packages\sklearn\ensemble\_weight_boosting.py:519: FutureWarning: The SAMME.R algorithm (the default) is deprecated and will be removed in 1.6. Use the SAMME algorithm to circumvent this warning.
  warnings.warn(

2024-05-08 05:35:32,075:WARNING:D:\Proyectos\Pruebas técnicas\Banco de Bogotá\venv\lib\site-packages\sklearn\ensemble\_weight_boosting.py:519: FutureWarning: The SAMME.R algorithm (the default) is deprecated and will be removed in 1.6. Use the SAMME algorithm to circumvent this warning.
  warnings.warn(

2024-05-08 05:35:32,075:WARNING:D:\Proyectos\Pruebas técnicas\Banco de Bogotá\venv\lib\site-packages\sklearn\ensemble\_weight_boosting.py:519: FutureWarning: The SAMME.R algorithm (the default) is deprecated and will be removed in 1.6. Use the SAMME algorithm to circumvent this warning.
  warnings.warn(

2024-05-08 05:35:32,075:WARNING:D:\Proyectos\Pruebas técnicas\Banco de Bogotá\venv\lib\site-packages\sklearn\ensemble\_weight_boosting.py:519: FutureWarning: The SAMME.R algorithm (the default) is deprecated and will be removed in 1.6. Use the SAMME algorithm to circumvent this warning.
  warnings.warn(

2024-05-08 05:35:32,091:WARNING:D:\Proyectos\Pruebas técnicas\Banco de Bogotá\venv\lib\site-packages\sklearn\ensemble\_weight_boosting.py:519: FutureWarning: The SAMME.R algorithm (the default) is deprecated and will be removed in 1.6. Use the SAMME algorithm to circumvent this warning.
  warnings.warn(

2024-05-08 05:35:32,507:INFO:Calculating mean and std
2024-05-08 05:35:32,508:INFO:Creating metrics dataframe
2024-05-08 05:35:32,508:INFO:Finalizing model
2024-05-08 05:35:32,525:WARNING:D:\Proyectos\Pruebas técnicas\Banco de Bogotá\venv\lib\site-packages\sklearn\ensemble\_weight_boosting.py:519: FutureWarning: The SAMME.R algorithm (the default) is deprecated and will be removed in 1.6. Use the SAMME algorithm to circumvent this warning.
  warnings.warn(

2024-05-08 05:35:32,812:INFO:Uploading results into container
2024-05-08 05:35:32,812:INFO:Uploading model into container now
2024-05-08 05:35:32,812:INFO:_master_model_container: 19
2024-05-08 05:35:32,812:INFO:_display_container: 5
2024-05-08 05:35:32,812:INFO:AdaBoostClassifier(algorithm='SAMME.R', estimator=None, learning_rate=1.0,
                   n_estimators=50, random_state=3364)
2024-05-08 05:35:32,812:INFO:create_model() successfully completed......................................
2024-05-08 05:35:32,893:INFO:SubProcess create_model() end ==================================
2024-05-08 05:35:32,894:INFO:AdaBoostClassifier(algorithm='SAMME.R', estimator=None, learning_rate=1.0,
                   n_estimators=50, random_state=3364) result for Accuracy is 0.8995
2024-05-08 05:35:32,894:INFO:AdaBoostClassifier(algorithm='SAMME', estimator=None, learning_rate=0.5,
                   n_estimators=290, random_state=3364) result for Accuracy is 0.8987
2024-05-08 05:35:32,894:INFO:AdaBoostClassifier(algorithm='SAMME.R', estimator=None, learning_rate=1.0,
                   n_estimators=50, random_state=3364) is best model
2024-05-08 05:35:32,894:INFO:choose_better completed
2024-05-08 05:35:32,894:INFO:Original model was better than the tuned model, hence it will be returned. NOTE: The display metrics are for the tuned model (not the original one).
2024-05-08 05:35:32,904:INFO:_master_model_container: 19
2024-05-08 05:35:32,904:INFO:_display_container: 4
2024-05-08 05:35:32,904:INFO:AdaBoostClassifier(algorithm='SAMME.R', estimator=None, learning_rate=1.0,
                   n_estimators=50, random_state=3364)
2024-05-08 05:35:32,904:INFO:tune_model() successfully completed......................................
2024-05-08 05:35:32,975:INFO:Initializing predict_model()
2024-05-08 05:35:32,975:INFO:predict_model(self=<pycaret.classification.oop.ClassificationExperiment object at 0x00000168B8B01FA0>, estimator=AdaBoostClassifier(algorithm='SAMME.R', estimator=None, learning_rate=1.0,
                   n_estimators=50, random_state=3364), probability_threshold=None, encoded_labels=False, raw_score=False, round=4, verbose=True, ml_usecase=None, preprocess=True, encode_labels=<function _SupervisedExperiment.predict_model.<locals>.encode_labels at 0x00000168BC9E89D0>)
2024-05-08 05:35:32,975:INFO:Checking exceptions
2024-05-08 05:35:32,975:INFO:Preloading libraries
2024-05-08 05:35:32,975:INFO:Set up data.
2024-05-08 05:35:32,991:INFO:Set up index.
2024-05-08 05:35:33,131:INFO:Initializing finalize_model()
2024-05-08 05:35:33,131:INFO:finalize_model(self=<pycaret.classification.oop.ClassificationExperiment object at 0x00000168B8B01FA0>, estimator=AdaBoostClassifier(algorithm='SAMME.R', estimator=None, learning_rate=1.0,
                   n_estimators=50, random_state=3364), fit_kwargs=None, groups=None, model_only=False, experiment_custom_tags=None)
2024-05-08 05:35:33,131:INFO:Finalizing AdaBoostClassifier(algorithm='SAMME.R', estimator=None, learning_rate=1.0,
                   n_estimators=50, random_state=3364)
2024-05-08 05:35:33,131:INFO:Initializing create_model()
2024-05-08 05:35:33,131:INFO:create_model(self=<pycaret.classification.oop.ClassificationExperiment object at 0x00000168B8B01FA0>, estimator=AdaBoostClassifier(algorithm='SAMME.R', estimator=None, learning_rate=1.0,
                   n_estimators=50, random_state=3364), fold=None, round=4, cross_validation=False, predict=False, fit_kwargs={}, groups=None, refit=True, probability_threshold=None, experiment_custom_tags=None, verbose=False, system=False, add_to_model_list=False, metrics=None, display=None, model_only=False, return_train_score=False, error_score=0.0, kwargs={})
2024-05-08 05:35:33,131:INFO:Checking exceptions
2024-05-08 05:35:33,131:INFO:Importing libraries
2024-05-08 05:35:33,131:INFO:Copying training dataset
2024-05-08 05:35:33,131:INFO:Defining folds
2024-05-08 05:35:33,131:INFO:Declaring metric variables
2024-05-08 05:35:33,131:INFO:Importing untrained model
2024-05-08 05:35:33,131:INFO:Declaring custom model
2024-05-08 05:35:33,131:INFO:Ada Boost Classifier Imported successfully
2024-05-08 05:35:33,131:INFO:Cross validation set to False
2024-05-08 05:35:33,131:INFO:Fitting Model
2024-05-08 05:35:33,148:WARNING:D:\Proyectos\Pruebas técnicas\Banco de Bogotá\venv\lib\site-packages\sklearn\ensemble\_weight_boosting.py:519: FutureWarning: The SAMME.R algorithm (the default) is deprecated and will be removed in 1.6. Use the SAMME algorithm to circumvent this warning.
  warnings.warn(

2024-05-08 05:35:33,459:INFO:Pipeline(memory=Memory(location=None),
         steps=[('numerical_imputer',
                 TransformerWrapper(exclude=None,
                                    include=['Tipo_Trabajo_ENC',
                                             'Estado_Civil_ENC', 'mora',
                                             'Vivienda', 'Consumo',
                                             'Contacto_ENC', 'Dias_Ultima_Camp',
                                             'No_Contactos', 'emp_var_rate',
                                             'cons_price_idx', 'cons_conf_idx',
                                             'euribor3m'],
                                    transformer=SimpleImputer(add_indicator=False,
                                                              copy=True,
                                                              fill_value=...
                ('categorical_imputer',
                 TransformerWrapper(exclude=None, include=[],
                                    transformer=SimpleImputer(add_indicator=False,
                                                              copy=True,
                                                              fill_value=None,
                                                              keep_empty_features=False,
                                                              missing_values=nan,
                                                              strategy='most_frequent'))),
                ('actual_estimator',
                 AdaBoostClassifier(algorithm='SAMME.R', estimator=None,
                                    learning_rate=1.0, n_estimators=50,
                                    random_state=3364))],
         verbose=False)
2024-05-08 05:35:33,459:INFO:create_model() successfully completed......................................
2024-05-08 05:35:33,509:INFO:_master_model_container: 19
2024-05-08 05:35:33,509:INFO:_display_container: 5
2024-05-08 05:35:33,527:INFO:Pipeline(memory=Memory(location=None),
         steps=[('numerical_imputer',
                 TransformerWrapper(exclude=None,
                                    include=['Tipo_Trabajo_ENC',
                                             'Estado_Civil_ENC', 'mora',
                                             'Vivienda', 'Consumo',
                                             'Contacto_ENC', 'Dias_Ultima_Camp',
                                             'No_Contactos', 'emp_var_rate',
                                             'cons_price_idx', 'cons_conf_idx',
                                             'euribor3m'],
                                    transformer=SimpleImputer(add_indicator=False,
                                                              copy=True,
                                                              fill_value=...
                ('categorical_imputer',
                 TransformerWrapper(exclude=None, include=[],
                                    transformer=SimpleImputer(add_indicator=False,
                                                              copy=True,
                                                              fill_value=None,
                                                              keep_empty_features=False,
                                                              missing_values=nan,
                                                              strategy='most_frequent'))),
                ('actual_estimator',
                 AdaBoostClassifier(algorithm='SAMME.R', estimator=None,
                                    learning_rate=1.0, n_estimators=50,
                                    random_state=3364))],
         verbose=False)
2024-05-08 05:35:33,527:INFO:finalize_model() successfully completed......................................
2024-05-08 05:35:33,597:INFO:Initializing save_model()
2024-05-08 05:35:33,597:INFO:save_model(model=Pipeline(memory=Memory(location=None),
         steps=[('numerical_imputer',
                 TransformerWrapper(exclude=None,
                                    include=['Tipo_Trabajo_ENC',
                                             'Estado_Civil_ENC', 'mora',
                                             'Vivienda', 'Consumo',
                                             'Contacto_ENC', 'Dias_Ultima_Camp',
                                             'No_Contactos', 'emp_var_rate',
                                             'cons_price_idx', 'cons_conf_idx',
                                             'euribor3m'],
                                    transformer=SimpleImputer(add_indicator=False,
                                                              copy=True,
                                                              fill_value=...
                ('categorical_imputer',
                 TransformerWrapper(exclude=None, include=[],
                                    transformer=SimpleImputer(add_indicator=False,
                                                              copy=True,
                                                              fill_value=None,
                                                              keep_empty_features=False,
                                                              missing_values=nan,
                                                              strategy='most_frequent'))),
                ('actual_estimator',
                 AdaBoostClassifier(algorithm='SAMME.R', estimator=None,
                                    learning_rate=1.0, n_estimators=50,
                                    random_state=3364))],
         verbose=False), model_name=D:/Proyectos/Pruebas técnicas/Banco de Bogotá/data/salida/ADA_model_08-05-2024, prep_pipe_=Pipeline(memory=FastMemory(location=C:\Users\almontao\AppData\Local\Temp\joblib),
         steps=[('numerical_imputer',
                 TransformerWrapper(exclude=None,
                                    include=['Tipo_Trabajo_ENC',
                                             'Estado_Civil_ENC', 'mora',
                                             'Vivienda', 'Consumo',
                                             'Contacto_ENC', 'Dias_Ultima_Camp',
                                             'No_Contactos', 'emp_var_rate',
                                             'cons_price_idx', 'cons_conf_idx',
                                             'euribor3m'],
                                    transformer=SimpleImputer(add_indicator=False,
                                                              copy=True,
                                                              fill_value=None,
                                                              keep_empty_features=False,
                                                              missing_values=nan,
                                                              strategy='mean'))),
                ('categorical_imputer',
                 TransformerWrapper(exclude=None, include=[],
                                    transformer=SimpleImputer(add_indicator=False,
                                                              copy=True,
                                                              fill_value=None,
                                                              keep_empty_features=False,
                                                              missing_values=nan,
                                                              strategy='most_frequent')))],
         verbose=False), verbose=True, use_case=MLUsecase.CLASSIFICATION, kwargs={})
2024-05-08 05:35:33,597:INFO:Adding model into prep_pipe
2024-05-08 05:35:33,597:WARNING:Only Model saved as it was a pipeline.
2024-05-08 05:35:33,612:INFO:D:/Proyectos/Pruebas técnicas/Banco de Bogotá/data/salida/ADA_model_08-05-2024.pkl saved in current working directory
2024-05-08 05:35:33,616:INFO:Pipeline(memory=Memory(location=None),
         steps=[('numerical_imputer',
                 TransformerWrapper(exclude=None,
                                    include=['Tipo_Trabajo_ENC',
                                             'Estado_Civil_ENC', 'mora',
                                             'Vivienda', 'Consumo',
                                             'Contacto_ENC', 'Dias_Ultima_Camp',
                                             'No_Contactos', 'emp_var_rate',
                                             'cons_price_idx', 'cons_conf_idx',
                                             'euribor3m'],
                                    transformer=SimpleImputer(add_indicator=False,
                                                              copy=True,
                                                              fill_value=...
                ('categorical_imputer',
                 TransformerWrapper(exclude=None, include=[],
                                    transformer=SimpleImputer(add_indicator=False,
                                                              copy=True,
                                                              fill_value=None,
                                                              keep_empty_features=False,
                                                              missing_values=nan,
                                                              strategy='most_frequent'))),
                ('actual_estimator',
                 AdaBoostClassifier(algorithm='SAMME.R', estimator=None,
                                    learning_rate=1.0, n_estimators=50,
                                    random_state=3364))],
         verbose=False)
2024-05-08 05:35:33,616:INFO:save_model() successfully completed......................................
2024-05-08 05:35:33,680:INFO:Initializing load_model()
2024-05-08 05:35:33,680:INFO:load_model(model_name=D:/Proyectos/Pruebas técnicas/Banco de Bogotá/data/salida/ADA_model_08-05-2024, platform=None, authentication=None, verbose=True)
2024-05-08 05:35:33,710:INFO:Initializing predict_model()
2024-05-08 05:35:33,710:INFO:predict_model(self=<pycaret.classification.oop.ClassificationExperiment object at 0x00000168B8B01FA0>, estimator=Pipeline(memory=FastMemory(location=C:\Users\almontao\AppData\Local\Temp\joblib),
         steps=[('numerical_imputer',
                 TransformerWrapper(exclude=None,
                                    include=['Tipo_Trabajo_ENC',
                                             'Estado_Civil_ENC', 'mora',
                                             'Vivienda', 'Consumo',
                                             'Contacto_ENC', 'Dias_Ultima_Camp',
                                             'No_Contactos', 'emp_var_rate',
                                             'cons_price_idx', 'cons_conf_idx',
                                             'euribor3m'],
                                    transformer=SimpleImpute...
                ('categorical_imputer',
                 TransformerWrapper(exclude=None, include=[],
                                    transformer=SimpleImputer(add_indicator=False,
                                                              copy=True,
                                                              fill_value=None,
                                                              keep_empty_features=False,
                                                              missing_values=nan,
                                                              strategy='most_frequent'))),
                ('actual_estimator',
                 AdaBoostClassifier(algorithm='SAMME.R', estimator=None,
                                    learning_rate=1.0, n_estimators=50,
                                    random_state=3364))],
         verbose=False), probability_threshold=None, encoded_labels=False, raw_score=False, round=4, verbose=True, ml_usecase=None, preprocess=True, encode_labels=<function _SupervisedExperiment.predict_model.<locals>.encode_labels at 0x00000168BC9E89D0>)
2024-05-08 05:35:33,710:INFO:Checking exceptions
2024-05-08 05:35:33,710:INFO:Preloading libraries
2024-05-08 05:35:33,710:INFO:Set up data.
2024-05-08 05:35:33,731:INFO:Set up index.
